source,property_id,price,location,size_sqft,year_built,bedrooms,bathrooms,lot_size,property_type,school_score,rental_estimate,price_history,walk_score,transit_score,bike_score
RealtyUS,9407465262,649000.0,"Boston, MA",902.0,2024.0,1.0,2.0,9999.0,condos,2.8181818181818183,3350.0,2025-03-05: 649000,N/A,N/A,N/A
RealtyUS,4221454887,799000.0,"Boston, MA",1376.0,2019.0,2.0,2.0,9999.0,condos,1.4444444444444444,3350.0,"2025-03-05: 799000, 2024-06-11: 3800, 2024-06-09: 0, 2024-06-08: 0, 2024-06-05: 0, 2024-06-04: 0, 2024-05-21: 3800, 2024-05-20: 3800, 2024-05-19: 3800, 2024-05-18: 0, 2024-04-28: 3800, 2024-04-27: 3800, 2024-04-24: 0, 2024-04-23: 0, 2024-04-02: 3800, 2024-04-02: 3800, 2024-03-30: 0, 2024-03-10: 3995, 2024-03-09: 3995, 2023-02-24: 3200, 2023-02-23: 0, 2023-02-22: 0, 2023-02-22: 0, 2023-02-18: 3200, 2023-02-18: 3200, 2023-02-17: 3200, 2023-02-16: 3400, 2023-02-15: 3400, 2023-02-15: 0, 2023-02-14: 0, 2023-02-14: 3400, 2023-02-09: 0, 2023-02-04: 3500, 2023-02-03: 3500, 2023-02-02: 3500, 2023-02-02: 3500, 2023-01-21: 3995, 2023-01-21: 3995, 2023-01-20: 0, 2023-01-20: 0, 2023-01-05: 3995, 2023-01-05: 3995, 2019-05-17: 0, 2019-05-16: 739000, 2019-05-16: 759000, 2019-05-10: 0, 2019-05-09: 759000, 2019-05-08: 0, 2019-04-21: 0, 2019-03-28: 759000, 2019-03-28: 759000, 2019-03-26: 759000, 2019-03-23: 759000, 2019-03-20: 759000, 2019-03-19: 759000",N/A,N/A,N/A
RealtyUS,4665682379,1995000.0,"Boston, MA",3510.0,1905.0,6.0,3.0,2380.0,multi_family,2.363636363636364,3350.0,"2025-03-05: 1995000, 2016-11-08: 835000, 2016-10-10: 835000, 2016-09-07: 850000, 2016-07-21: 875000, 2016-05-21: 875000, 2016-05-12: 875000, 2016-04-11: 899999, 2016-03-30: 899999",N/A,N/A,N/A
RealtyUS,9798720736,995000.0,"Boston, MA",3453.0,1905.0,9.0,3.0,5153.0,multi_family,2.3333333333333335,3350.0,2025-03-05: 995000,N/A,N/A,N/A
RealtyUS,4247337230,699999.0,"Boston, MA",1065.0,1905.0,2.0,2.0,1036.0,condos,1.9090909090909092,3350.0,"2025-03-04: 699999, 2020-04-01: 585000, 2014-07-02: 334000, 2014-03-27: 337000, 2012-06-29: 309000, 2012-06-14: 309000, 2012-05-31: 315000, 2012-05-04: 324000, 2012-04-26: 325000, 2012-04-13: 329000, 2012-04-11: 329000, 2012-03-25: 329000, 2012-03-08: 335000, 2012-02-22: 336000, 2012-02-13: 337000, 2012-01-12: 339000, 2011-12-22: 339000, 2011-09-15: 339000, 2011-09-12: 339000, 2011-09-08: 339000, 2007-10-03: 318300",N/A,N/A,N/A
RealtyUS,9931335852,724900.0,"Boston, MA",1694.0,2024.0,2.0,3.0,9999.0,condos,2.272727272727273,3350.0,2025-02-28: 724900,N/A,N/A,N/A
RealtyUS,3835198865,1150000.0,"Boston, MA",3463.0,1930.0,11.0,3.0,3360.0,multi_family,2.8,3350.0,"2025-02-26: 1150000, 2018-01-18: 899900, 2017-12-05: 899900, 2017-10-25: 929900, 2017-10-06: 949900",N/A,N/A,N/A
RealtyUS,9823235463,1350000.0,"Boston, MA",4020.0,1900.0,9.0,3.0,3279.0,multi_family,2.1818181818181817,3350.0,2025-02-26: 1350000,N/A,N/A,N/A
RealtyUS,9200282496,1125000.0,"Boston, MA",1512.0,2024.0,3.0,3.0,9999.0,condos,2.8181818181818183,3350.0,2025-02-25: 1125000,N/A,N/A,N/A
RealtyUS,9396978460,699000.0,"Boston, MA",1163.0,1905.0,3.0,1.0,9999.0,condos,1.5,3350.0,"2025-02-24: 699000, 2020-04-22: 2400, 2018-10-23: 2800, 2018-09-15: 2800, 2015-10-21: 2400, 2015-10-13: 2400, 2015-10-09: 2600, 2015-08-31: 2600, 2015-08-17: 2650, 2009-04-01: 1600, 2009-03-16: 1600",N/A,N/A,N/A
RealtyUS,9785752018,578888.0,"Boston, MA",1200.0,2025.0,2.0,2.0,2569.0,condos,2.636363636363636,3350.0,2025-02-24: 578888,N/A,N/A,N/A
RealtyUS,9649536860,549988.0,"Boston, MA",1012.0,2025.0,2.0,2.0,2643.0,condos,2.636363636363636,3350.0,2025-02-24: 549988,N/A,N/A,N/A
RealtyUS,4991703737,1395000.0,"Boston, MA",2613.0,1880.0,4.0,3.0,4665.0,single_family,2.2,3350.0,"2025-02-21: 1395000, 2019-07-01: 1025000, 2019-05-13: 999000, 2013-08-29: 435000, 2012-01-27: 439900, 2007-06-22: 443000, 2007-04-26: 449000, 1988-03-11: 140000",N/A,N/A,N/A
RealtyUS,9297195211,725000.0,"Boston, MA",1173.0,2021.0,3.0,2.0,9999.0,condos,2.0,3350.0,"2025-03-03: 725000, 2025-02-19: 740000, 2025-02-17: 789000, 2025-01-28: 789000, 2025-01-24: 819000, 2022-08-13: 619000, 2022-04-05: 0, 2022-03-31: 3200",N/A,N/A,N/A
RealtyUS,3781094617,1100000.0,"Boston, MA",1871.0,1905.0,3.0,2.0,9999.0,condos,2.1818181818181817,3350.0,"2025-02-19: 1100000, 2024-10-11: 1225000, 2024-09-09: 1225000, 2024-06-26: 1225000, 2024-05-18: 1299999, 2017-01-24: 720000, 2017-01-12: 2100, 2016-11-30: 739000, 2015-06-26: 2500, 2015-06-18: 2500, 2013-09-12: 2100, 2013-09-09: 2100, 2013-09-06: 2200, 2013-08-25: 2300, 2013-08-23: 2400, 2013-08-21: 2500",N/A,N/A,N/A
RealtyUS,3772201663,424900.0,"Boston, MA",760.0,1900.0,2.0,1.0,760.0,condos,1.5,3350.0,"2025-02-28: 424900, 2025-02-19: 449000, 2021-07-21: 1850, 2021-07-19: 1850, 2021-07-01: 1850, 2019-10-25: 1850, 2019-03-25: 1850, 2019-03-21: 0, 2019-02-04: 1850, 2019-01-30: 1950, 1996-06-28: 41000",N/A,N/A,N/A
RealtyUS,9156345199,849000.0,"Boston, MA",1126.0,2019.0,2.0,2.0,9999.0,condos,2.272727272727273,3350.0,"2025-02-19: 849000, 2019-07-25: 799000, 2019-07-22: 799000, 2019-07-20: 0, 2019-07-19: 799000, 2019-07-17: 0, 2019-07-16: 799000, 2019-07-04: 0, 2019-07-03: 799000, 2019-06-18: 0, 2019-06-17: 799000, 2019-05-30: 0, 2019-05-29: 799000, 2019-05-24: 0, 2019-05-23: 799000, 2019-05-08: 0, 2019-04-07: 0, 2019-04-05: 799000, 2018-05-31: 670000, 2018-04-10: 630000",N/A,N/A,N/A
RealtyUS,3513854429,670000.0,"Boston, MA",1059.0,1900.0,2.0,2.0,9999.0,condos,2.636363636363636,3350.0,"2025-02-18: 670000, 2024-11-15: 670000, 2024-10-06: 670000, 2024-09-11: 690000, 2019-06-05: 590000, 2019-05-23: 619000, 2019-05-15: 0, 2019-05-14: 619000, 2019-05-08: 0, 2019-03-29: 0, 2019-03-16: 619000, 2019-02-08: 629000",N/A,N/A,N/A
RealtyUS,4285044067,939000.0,"Boston, MA",1025.0,2019.0,2.0,2.0,9999.0,condos,2.636363636363636,3350.0,"2025-02-18: 939000, 2025-02-18: 4500, 2025-02-03: 939000, 2025-01-29: 939000, 2024-07-02: 950000, 2024-05-21: 950000, 2024-05-01: 950000, 2024-03-31: 4500, 2024-02-21: 4500, 2024-02-15: 975000, 2024-02-14: 975000, 2023-08-31: 950000, 2023-08-19: 4500, 2023-08-15: 4500, 2023-08-10: 0, 2023-06-24: 4500, 2023-05-22: 975000, 2023-04-03: 975000, 2019-07-08: 660000, 2019-05-03: 699000, 2019-03-16: 709000, 2019-02-06: 749000",N/A,N/A,N/A
RealtyUS,9986856107,1050000.0,"Boston, MA",2832.0,1905.0,7.0,3.0,3717.0,multi_family,2.2,3350.0,"2025-02-14: 1050000, 2025-01-02: 1149000",N/A,N/A,N/A
RealtyUS,3574253595,529000.0,"Boston, MA",867.0,1910.0,2.0,1.0,9999.0,condos,2.636363636363636,3350.0,"2025-02-13: 529000, 2025-01-17: 549000, 2024-12-20: 549000, 2024-09-26: 549000, 2019-07-09: 470000, 2019-04-17: 479900, 2019-03-28: 479000, 2019-03-09: 489900, 2019-01-09: 499900",N/A,N/A,N/A
RealtyUS,3627710231,499900.0,"Boston, MA",1250.0,1905.0,3.0,1.0,1250.0,condos,1.8,3350.0,"2025-02-12: 499900, 2024-11-27: 499900, 2024-10-11: 499900, 2024-09-12: 509900, 2024-09-03: 3000, 2024-07-18: 3000, 2022-10-11: 450000, 2022-08-03: 449000, 2022-07-20: 489000, 2018-04-02: 288000, 2018-02-23: 289000, 2018-02-12: 279000, 2017-11-28: 279000, 2017-08-14: 279000, 2013-11-01: 1550, 2013-10-02: 1550, 2013-09-17: 1650, 2011-01-07: 90000, 2010-10-10: 99900, 2010-01-15: 69900, 2010-01-12: 69900, 2010-01-02: 109900, 2007-12-13: 309000, 2007-09-12: 309000, 2005-05-13: 274000, 2005-04-11: 340000, 2005-03-14: 340000",N/A,N/A,N/A
RealtyUS,9172099880,799000.0,"Boston, MA",1385.0,2019.0,3.0,2.0,9166.0,condos,1.4444444444444444,3350.0,"2025-02-07: 799000, 2025-01-02: 799000, 2025-01-02: 799000, 2024-10-11: 0, 2024-10-11: 4000, 2024-09-14: 4000, 2024-09-14: 4000, 2024-09-10: 4000, 2024-09-09: 4000, 2024-08-31: 4300, 2024-08-30: 0, 2024-08-29: 0, 2024-08-28: 4300, 2024-08-27: 0, 2024-08-26: 4300, 2024-08-26: 4500, 2024-08-24: 0, 2024-08-20: 4500, 2024-08-19: 4500, 2024-08-10: 4700, 2024-07-28: 4800, 2024-07-17: 4900, 2024-07-09: 5000, 2023-06-05: 4850, 2023-05-30: 4850, 2023-05-23: 4850, 2023-05-15: 4850, 2023-05-03: 0, 2023-04-02: 5000, 2023-03-24: 0, 2023-03-23: 5000, 2023-03-14: 0, 2023-03-09: 5000, 2022-10-01: 4700, 2022-06-19: 4700, 2022-06-13: 4700, 2022-06-07: 5000, 2020-04-15: 825000, 2019-09-11: 874000, 2019-05-15: 874000, 2019-04-07: 889000, 2019-03-26: 889000, 2019-03-18: 889000, 2019-02-21: 929000, 2019-02-20: 929000, 2019-01-15: 929000",N/A,N/A,N/A
RealtyUS,4692479741,1799500.0,"Boston, MA",3300.0,1900.0,6.0,8.0,6833.0,multi_family,2.636363636363636,3350.0,"2025-02-18: 1799500, 2025-02-06: 1850000, 2025-02-05: 1899000, 2025-01-28: 1850000, 2025-01-01: 1850000, 2024-12-11: 1975000, 2024-11-20: 2100000, 2023-08-02: 779000, 2023-07-21: 779000, 2001-07-31: 230000",N/A,N/A,N/A
RealtyUS,9174725798,2199000.0,"Boston, MA",3882.0,1900.0,12.0,3.0,3066.0,multi_family,2.1818181818181817,3350.0,"2025-02-05: 2199000, 2023-12-20: 2200000, 2023-11-08: 2200000",N/A,N/A,N/A
RealtyUS,3915071063,375000.0,"Boston, MA",755.0,1970.0,3.0,1.0,755.0,condos,2.8,3350.0,"2025-02-04: 375000, 2008-10-15: 79000, 2008-08-19: 89900, 2008-08-19: 89900, 2008-02-18: 89900, 2005-11-15: 215000",N/A,N/A,N/A
RealtyUS,9355666808,599950.0,"Boston, MA",1100.0,1900.0,2.0,3.0,9999.0,condos,2.636363636363636,3350.0,"2025-02-18: 599950, 2025-02-06: 629500, 2025-02-04: 649950, 2025-01-28: 629500, 2025-01-01: 629500, 2024-12-08: 669950, 2024-11-20: 719950",N/A,N/A,N/A
RealtyUS,9734503057,629950.0,"Boston, MA",1200.0,1900.0,2.0,3.0,9999.0,condos,2.636363636363636,3350.0,"2025-02-18: 629950, 2025-02-06: 639500, 2025-02-04: 679500, 2025-01-28: 639500, 2025-01-01: 639500, 2024-12-08: 674900, 2024-11-20: 724900",N/A,N/A,N/A
RealtyUS,9416843873,599950.0,"Boston, MA",980.0,1900.0,2.0,2.0,9999.0,condos,2.636363636363636,3350.0,"2025-02-06: 619500, 2025-02-04: 599950, 2025-01-28: 619500, 2025-01-01: 619500, 2024-12-08: 649500, 2024-11-20: 699500",N/A,N/A,N/A
RealtyUS,4046723414,1699900.0,"Boston, MA",1685.0,1890.0,4.0,3.0,7000.0,multi_family,1.5,3350.0,"2025-02-11: 1699900, 2025-01-29: 1999900, 2023-11-19: 1140000, 2023-10-22: 1140000, 2023-10-06: 1200000, 2023-09-27: 1300000, 2023-08-24: 1400000, 2023-07-27: 1400000, 2023-03-30: 1599000, 2022-08-12: 1699000, 2018-11-12: 2195000, 2018-11-12: 2195000, 2017-10-01: 1299000, 2017-05-23: 1299000, 2017-05-09: 799000, 2017-02-17: 799000, 2016-08-02: 799000, 2016-03-04: 799000, 2016-01-09: 948800, 2015-10-07: 799000, 2015-10-05: 799000, 1987-02-10: 145000",N/A,N/A,N/A
RealtyUS,3395649122,720000.0,"Boston, MA",1537.0,1910.0,1.0,1.0,1537.0,condos,1.7,3350.0,"2025-02-11: 720000, 2025-02-05: 769000, 2025-02-01: 3450, 2025-01-23: 729900, 2025-01-21: 779000, 2024-12-23: 729900, 2024-12-14: 3450, 2024-11-20: 0, 2024-11-04: 729900, 2024-10-30: 3450, 2024-10-24: 3500, 2024-10-18: 3500, 2024-10-14: 3700, 2024-10-04: 749900, 2024-09-09: 774900, 2024-08-12: 775000, 2024-07-09: 789000, 2024-06-24: 799800, 2024-06-03: 799900, 2024-05-13: 829000, 2024-04-23: 849900, 2022-12-31: 3300, 2022-12-23: 0, 2022-12-22: 0, 2022-12-14: 3300, 2022-12-02: 3400, 2022-11-28: 3500, 2022-11-08: 0, 2022-11-01: 3500, 2022-10-20: 0, 2022-10-19: 3600, 2022-10-18: 3600, 2022-10-13: 3600, 2022-09-29: 3700, 2022-08-29: 3950, 2013-10-31: 382500, 2013-08-29: 350000, 2013-07-16: 395000, 2012-03-26: 350000, 2012-01-23: 350000, 2012-01-18: 365000, 2011-12-31: 365000, 2011-10-08: 365000, 2011-09-18: 275000, 2011-09-18: 275000, 2011-09-08: 275000",N/A,N/A,N/A
RealtyUS,9141127923,779999.0,"Boston, MA",1373.0,2021.0,3.0,3.0,9999.0,condos,1.7,3350.0,"2025-03-04: 779999, 2025-01-21: 799999, 2024-11-19: 799999, 2024-10-09: 799999, 2023-11-10: 0, 2023-10-16: 3529, 2023-10-12: 0, 2023-09-21: 3529, 2023-09-20: 3850, 2023-09-13: 3850, 2023-08-29: 3995, 2023-08-11: 4300, 2023-08-02: 4300, 2021-10-18: 3850, 2021-09-07: 3850, 2021-08-03: 3850, 2017-04-20: 2600, 2017-03-27: 2600, 2017-03-03: 2700, 2017-03-02: 2800, 2011-11-19: 1800, 2011-11-03: 1800, 2011-11-01: 1875, 2011-11-01: 299000, 2011-10-30: 1875, 2011-10-07: 1950, 2011-10-02: 1975, 2011-10-02: 299000, 2011-09-21: 2050, 2011-09-10: 2200, 2011-09-10: 310000, 2006-04-19: 349000, 2005-04-08: 349000",N/A,N/A,N/A
RealtyUS,9939821492,680000.0,"Boston, MA",1614.0,2024.0,3.0,3.0,9999.0,condos,2.363636363636364,3350.0,2025-01-17: 680000,N/A,N/A,N/A
RealtyUS,3278829899,649900.0,"Boston, MA",1096.0,2018.0,2.0,2.0,9999.0,condos,2.8,3350.0,"2025-01-16: 649900, 2018-12-14: 510000, 2018-10-17: 499000, 2017-08-24: 525000, 2017-07-22: 499999, 2017-07-11: 499999, 2017-07-06: 499999",N/A,N/A,N/A
RealtyUS,4628183914,995000.0,"Boston, MA",2427.0,1899.0,6.0,3.0,9999.0,multi_family,2.0,3350.0,"2024-12-31: 995000, 2024-12-30: 995000, 2024-12-02: 995000, 2006-03-30: 364000, 2005-12-18: 399000, 2001-07-17: 255000",N/A,N/A,N/A
RealtyUS,4514215216,1599900.0,"Boston, MA",3695.0,1900.0,6.0,4.0,6344.0,multi_family,2.363636363636364,3350.0,"2025-02-11: 1599900, 2024-12-17: 1625000, 1990-07-02: 175000",N/A,N/A,N/A
RealtyUS,3849539866,489000.0,"Boston, MA",1056.0,1989.0,3.0,2.0,9999.0,condos,2.4545454545454546,3350.0,"2025-01-10: 489000, 2024-12-18: 519000, 2024-12-15: 549000, 2024-12-05: 590000, 1990-12-21: 139000",N/A,N/A,N/A
RealtyUS,9952843729,1350000.0,"Boston, MA",3933.0,1905.0,12.0,3.0,3949.0,multi_family,2.7,3350.0,"2025-02-07: 1350000, 2025-01-26: 1399000, 2025-01-17: 1499000, 2024-12-03: 1550000",N/A,N/A,N/A
RealtyUS,9150621332,2400000.0,"Boston, MA",4639.0,1931.0,8.0,4.0,2178.0,multi_family,2.9,3350.0,"2025-01-22: 2400000, 2025-01-16: 2400000, 2024-12-26: 2400000, 2024-12-11: 2400000, 2024-11-25: 2400000, 2024-10-04: 2600000, 2024-07-11: 2600000",N/A,N/A,N/A
RealtyUS,4821435646,1050000.0,"Boston, MA",3972.0,1905.0,6.0,3.0,1856.0,multi_family,2.1818181818181817,3350.0,"2025-02-27: 1050000, 2025-02-17: 1050000, 2024-11-22: 1050000, 2018-09-12: 685000, 2017-10-25: 675000, 2017-07-19: 719000, 2017-07-07: 719000, 2013-08-29: 262000, 2012-02-20: 265000, 2012-02-14: 265000, 2012-01-03: 265000, 2011-11-08: 256900, 2011-10-31: 256900, 2011-10-31: 256900, 2011-09-14: 289900, 2011-09-14: 289900, 2011-08-16: 299900, 2006-08-24: 519000, 2006-07-19: 499000, 2006-02-18: 499000, 2005-09-27: 519000",N/A,N/A,N/A
RealtyUS,9181337369,670000.0,"Boston, MA",1870.0,1900.0,3.0,3.0,9999.0,condos,2.5,3350.0,"2025-02-27: 670000, 2025-02-12: 675000, 2025-01-24: 685000, 2024-11-21: 689999",N/A,N/A,N/A
RealtyUS,4606171818,1370000.0,"Boston, MA",3405.0,1920.0,7.0,5.0,5600.0,multi_family,2.363636363636364,3350.0,"2025-02-07: 1370000, 2024-10-29: 1375000, 2024-07-09: 1475000, 2024-05-09: 1475000, 2022-04-04: 0, 2022-04-01: 0, 2022-03-31: 879000, 2022-03-20: 0, 2022-02-28: 0, 2022-02-02: 879000, 2021-12-27: 879000, 2021-10-30: 879000, 2021-08-19: 879000, 2021-07-23: 899000",N/A,N/A,N/A
RealtyUS,9520964657,540000.0,"Boston, MA",582.0,2021.0,1.0,1.0,9999.0,condos,2.0,3350.0,"2024-12-31: 2300, 2024-10-11: 2600, 2024-10-08: 2800, 2024-10-07: 540000, 2024-07-15: 0, 2024-07-13: 0, 2024-05-17: 2700, 2024-04-25: 2700, 2023-04-26: 2700, 2023-04-25: 0, 2023-04-21: 0, 2023-04-12: 2700, 2023-03-31: 2700, 2023-03-09: 2750, 2023-03-06: 2750, 2023-03-02: 0, 2023-02-28: 2750, 2023-02-27: 2750, 2022-06-18: 499000, 2022-05-10: 499000",N/A,N/A,N/A
RealtyUS,9437347819,774500.0,"Boston, MA",1131.0,2017.0,2.0,2.0,9999.0,condos,1.5,3350.0,"2025-03-01: 3600, 2025-02-25: 3600, 2025-01-14: 0, 2024-12-19: 3600, 2024-12-12: 3600, 2024-12-04: 774500, 2024-12-03: 3800, 2024-10-04: 780000",N/A,N/A,N/A
RealtyUS,4286865851,1000000.0,"Boston, MA",1270.0,nan,3.0,0.0,10019.0,land,2.0833333333333335,3350.0,"2024-09-18: 1000000, 2009-11-05: 625000, 2009-08-13: 689000, 2009-07-24: 689000, 2009-06-25: 689000, 2009-05-13: 759000, 1989-08-31: 170000",N/A,N/A,N/A
RealtyUS,9494565273,685000.0,"Boston, MA",1045.0,2021.0,2.0,2.0,9999.0,condos,2.0,3350.0,"2024-12-31: 3300, 2024-11-13: 3600, 2024-09-11: 685000, 2024-07-13: 0, 2024-06-29: 3400, 2023-06-07: 3200, 2023-04-21: 0, 2023-04-21: 0, 2023-04-14: 3200, 2023-02-27: 3200, 2022-06-18: 699000, 2022-05-10: 699000",N/A,N/A,N/A
RealtyUS,3534635404,4000.0,"Boston, MA",1270.0,nan,3.0,2.0,9999.0,apartment,1.7,3350.0,"2025-03-07: 4000, 2017-05-06: 3300, 2017-04-08: 3300",N/A,N/A,N/A
RealtyUS,4683627625,3200.0,"Boston, MA",1100.0,1905.0,3.0,1.0,1100.0,apartment,2.2,3350.0,"2025-03-07: 3200, 2020-11-16: 0, 2020-09-25: 2800, 2020-09-17: 2700",N/A,N/A,N/A
RealtyUS,9759947009,3000.0,"Boston, MA",1270.0,nan,1.0,1.0,9999.0,apartment,2.0,3350.0,2025-03-07: 3000,N/A,N/A,N/A
RealtyUS,9659750135,3625.0,"Boston, MA",1270.0,nan,4.0,2.0,9999.0,apartment,1.7,3350.0,"2025-03-07: 3625, 2024-05-02: 0, 2024-04-17: 3525, 2024-04-16: 0, 2024-04-15: 3525, 2024-04-10: 0, 2024-04-09: 0, 2024-04-05: 3525, 2024-04-04: 0, 2024-04-02: 3525, 2024-04-01: 0, 2024-03-31: 3525, 2024-03-27: 0, 2024-03-25: 0, 2024-03-23: 3525, 2023-05-28: 0, 2023-05-27: 0, 2023-05-26: 3395, 2023-05-25: 0, 2023-05-24: 0, 2023-05-23: 3395, 2023-05-22: 0, 2023-05-21: 3395, 2023-05-19: 0, 2023-05-05: 0, 2023-02-24: 0, 2023-02-23: 3395, 2023-02-13: 0, 2023-02-11: 0, 2023-02-09: 3395, 2023-02-08: 0, 2023-02-07: 3395, 2023-02-04: 0, 2023-02-03: 0, 2023-02-03: 3395, 2023-02-01: 0, 2023-01-18: 3395, 2022-05-22: 0, 2022-05-21: 3325, 2022-05-20: 0, 2022-05-19: 0, 2022-05-18: 3325, 2022-05-16: 0, 2022-05-14: 3325, 2022-05-13: 0, 2022-05-06: 0, 2022-05-04: 3325, 2022-05-04: 0, 2022-05-03: 0, 2022-05-03: 3325, 2022-05-02: 3325, 2022-04-30: 0, 2022-04-28: 3325, 2022-04-28: 0, 2022-04-26: 0, 2022-04-22: 3325, 2022-04-20: 0, 2022-04-19: 3325, 2022-04-19: 0, 2022-04-17: 3325, 2022-04-16: 0, 2022-04-15: 3325, 2022-04-15: 0, 2022-04-14: 0, 2022-04-14: 3325, 2022-04-13: 3325, 2022-04-13: 0, 2022-04-12: 0, 2022-04-12: 3325, 2022-04-05: 3325, 2022-03-31: 0, 2022-03-28: 3325, 2022-03-09: 0, 2022-03-07: 3325",N/A,N/A,N/A
RealtyUS,3445173664,4000.0,"Dorchester, MA",1270.0,nan,3.0,2.0,9999.0,apartment,3.1,3350.0,,N/A,N/A,N/A
RealtyUS,9394939829,3900.0,"Boston, MA",1100.0,nan,3.0,2.0,9999.0,apartment,1.7,3350.0,"2025-03-06: 3900, 2022-09-02: 3500, 2022-02-26: 0, 2022-02-25: 2900, 2022-01-27: 2900, 2022-01-11: 2900, 2021-12-17: 3300",N/A,N/A,N/A
RealtyUS,9319799979,4200.0,"Boston, MA",1000.0,nan,3.0,2.0,999.0,condos,1.8,3350.0,"2025-03-06: 4200, 2025-02-27: 0, 2024-11-27: 3300, 2024-09-25: 3800, 2024-09-24: 3800, 2024-09-07: 0, 2024-08-19: 3600, 2024-08-03: 3800, 2024-07-25: 4000, 2024-07-17: 4000, 2024-07-02: 4200, 2024-04-07: 4200, 2021-06-07: 3500, 2021-05-28: 3500, 2021-05-11: 3500",N/A,N/A,N/A
RealtyUS,9554414927,4100.0,"Boston, MA",1000.0,nan,3.0,2.0,999.0,condos,1.8,3350.0,"2025-03-06: 4100, 2024-08-27: 3600, 2024-08-03: 3600, 2024-07-25: 3900, 2024-06-28: 4000, 2024-06-06: 4200, 2024-06-02: 4200, 2024-03-20: 4200, 2023-09-11: 3900, 2022-09-19: 3600, 2021-08-13: 3500, 2021-08-01: 3500, 2021-06-21: 3500, 2021-06-15: 3600, 2021-05-11: 3500",N/A,N/A,N/A
RealtyUS,9254881317,3800.0,"Boston, MA",1100.0,nan,3.0,2.0,1100.0,apartment,1.7,3350.0,"2025-03-06: 3800, 2023-09-11: 3400, 2023-09-10: 0, 2023-08-30: 0, 2023-08-23: 3400, 2023-08-22: 3400, 2023-08-01: 3600, 2023-04-25: 3800, 2023-04-09: 3900, 2022-09-02: 3500, 2022-02-26: 0, 2022-02-25: 2900, 2022-02-02: 2900, 2022-01-11: 2900, 2021-12-17: 3200",N/A,N/A,N/A
RealtyUS,9601711122,3975.0,"Boston, MA",1100.0,nan,3.0,2.0,9999.0,apartment,1.7,3350.0,2025-03-06: 3975,N/A,N/A,N/A
RealtyUS,4478614806,3000.0,"Boston, MA",1000.0,1905.0,2.0,1.0,9999999.0,apartment,2.363636363636364,3350.0,"2025-03-06: 3000, 2022-08-07: 1400, 2022-06-04: 2725, 2022-06-02: 2725, 2022-05-04: 0, 2022-04-27: 2725, 2022-04-27: 2725, 2022-03-09: 2725, 2022-02-14: 2750, 2015-06-13: 2000, 2015-04-13: 2000, 2015-02-07: 1875, 2015-02-04: 1875, 2015-01-16: 1900, 2013-08-30: 1600, 2011-05-19: 1500, 2011-05-12: 1400, 2011-04-29: 1500, 2011-03-26: 1400",N/A,N/A,N/A
RealtyUS,4858589791,3500.0,"Boston, MA",1000.0,nan,3.0,1.0,9999.0,apartment,2.8,3350.0,"2025-03-06: 3500, 2018-09-12: 813000, 2018-07-17: 889000, 2018-07-15: 914900, 2018-07-14: 889900, 2018-07-12: 914900, 2006-03-16: 375000, 2006-01-06: 385900, 2004-07-26: 460000, 2004-01-08: 405000",N/A,N/A,N/A
RealtyUS,3978570668,4000.0,"Boston, MA",1302.0,nan,4.0,1.0,9999.0,apartment,2.2,3350.0,"2025-03-06: 4000, 2024-08-28: 0, 2024-08-27: 1075, 2024-08-26: 0, 2024-08-24: 1050, 2024-08-23: 1175, 2024-08-22: 1275, 2024-06-07: 0, 2024-06-06: 1050, 2024-06-05: 1100, 2023-12-06: 0, 2023-11-24: 0, 2023-11-19: 1050, 2023-11-18: 1075, 2023-11-16: 1050, 2023-11-14: 1100, 2023-11-10: 1175, 2023-11-09: 3525, 2023-11-09: 1150, 2023-11-04: 1225, 2023-11-01: 1275, 2023-10-28: 1325, 2023-10-27: 1400, 2023-10-26: 1425, 2023-10-25: 1600, 2023-10-23: 3550, 2023-10-22: 1400, 2023-10-21: 1425, 2023-10-20: 0, 2023-09-29: 1400, 2023-09-28: 1425, 2023-09-22: 0, 2023-09-10: 1500, 2023-08-10: 3525, 2023-08-03: 3525, 2023-07-20: 0, 2023-07-14: 3600, 2023-07-14: 3600, 2023-07-14: 1150, 2023-07-12: 1200, 2023-07-08: 0, 2023-06-21: 3700, 2023-06-16: 1125, 2023-06-15: 0, 2023-06-06: 1125, 2023-06-04: 0, 2023-06-03: 1125, 2023-06-01: 1350, 2023-05-27: 1450, 2023-05-26: 1500, 2023-05-24: 3700, 2023-05-22: 1575, 2023-05-18: 1600, 2023-05-14: 1625, 2023-05-13: 1675, 2023-05-12: 1700, 2023-05-10: 1650, 2023-05-08: 1700, 2023-05-05: 1675, 2023-04-30: 1700, 2023-04-28: 1650, 2023-04-04: 0, 2023-03-24: 1725, 2023-03-20: 1750, 2023-03-19: 1775, 2023-03-18: 1750, 2023-03-17: 1800, 2022-08-02: 0, 2022-07-04: 3500, 2022-06-29: 0, 2022-06-29: 3900, 2022-06-25: 3500, 2022-06-25: 0, 2022-06-24: 0, 2022-06-24: 3900, 2022-06-23: 3500, 2022-06-23: 0, 2022-06-22: 0, 2022-06-21: 0, 2022-06-20: 0, 2022-06-20: 3900, 2022-06-19: 3500, 2022-06-19: 0, 2022-06-18: 3900, 2022-06-18: 0, 2022-06-17: 0, 2022-06-17: 5625, 2022-06-16: 3500, 2022-06-16: 5575, 2022-06-15: 5625, 2022-06-14: 0, 2022-06-14: 5975, 2022-06-13: 5625, 2022-06-12: 5925, 2022-06-11: 5625, 2022-06-10: 3500, 2022-06-10: 3500, 2022-06-10: 5675, 2022-06-09: 5625, 2022-06-08: 5675, 2022-06-07: 0, 2022-06-07: 5625, 2022-06-06: 3900, 2022-06-06: 0, 2022-06-05: 0, 2022-06-05: 3900, 2022-06-05: 5675, 2022-06-04: 0, 2022-06-04: 5625, 2022-06-03: 3900, 2022-06-03: 0, 2022-06-02: 0, 2022-06-02: 5825, 2022-06-01: 5625, 2022-05-31: 0, 2022-05-31: 5750, 2022-05-30: 0, 2022-05-30: 8325, 2022-05-29: 0, 2022-05-29: 3900, 2022-05-29: 5750, 2022-05-27: 0, 2022-05-27: 0, 2022-05-26: 3900, 2022-05-26: 0, 2022-05-26: 5625, 2022-05-25: 8675, 2022-05-24: 0, 2022-05-24: 3900, 2022-05-24: 5675, 2022-05-22: 3900, 2022-05-22: 0, 2022-05-21: 0, 2022-05-20: 0, 2022-05-20: 3900, 2022-05-19: 3900, 2022-05-19: 0, 2022-05-18: 0, 2022-05-17: 0, 2022-05-17: 3900, 2022-05-15: 0, 2022-05-14: 3900, 2022-05-14: 0, 2022-05-12: 0, 2022-05-11: 0, 2022-05-11: 3900, 2022-05-09: 0, 2022-05-06: 3900, 2022-05-06: 0, 2022-05-05: 0, 2022-05-02: 0, 2022-05-02: 3900, 2022-04-30: 0, 2022-04-29: 3900, 2022-04-29: 0, 2022-04-28: 0, 2022-04-28: 3900, 2022-04-27: 3900, 2022-04-26: 0, 2022-04-23: 3900, 2022-04-23: 0, 2022-04-20: 0, 2022-04-20: 3900, 2022-04-14: 3800, 2022-04-11: 3900, 2022-04-11: 0, 2022-03-31: 0, 2022-03-31: 3900, 2022-03-28: 3900, 2021-09-14: 0, 2021-08-23: 3400, 2020-04-22: 3167, 2020-01-14: 0, 2019-12-07: 3167, 2019-12-07: 0, 2019-11-02: 3167, 2019-10-14: 3483, 2019-10-14: 0, 2019-09-08: 3483, 2015-08-10: 2700, 2015-05-07: 2700, 2014-08-02: 2500, 2014-06-24: 2700, 2014-05-01: 2700",N/A,N/A,N/A
RealtyUS,4955090115,4200.0,"Boston, MA",1270.0,nan,4.0,2.0,9999.0,apartment,1.5,3350.0,"2025-03-06: 4200, 2018-09-11: 3200, 2018-08-14: 3200, 2018-08-08: 3400, 2018-07-31: 3600",N/A,N/A,N/A
RealtyUS,9662660813,800.0,"Boston, MA",1270.0,nan,3.0,2.0,9999.0,apartment,2.1,3350.0,2025-03-06: 800,N/A,N/A,N/A
RealtyUS,4561757202,3500.0,"Boston, MA",1270.0,nan,3.0,2.0,9999.0,apartment,1.7,3350.0,"2025-03-06: 3500, 2013-08-29: 2150, 2012-12-21: 2200, 2012-11-15: 2200, 2012-09-24: 2250",N/A,N/A,N/A
RealtyUS,3553058568,3600.0,"Boston, MA",1300.0,nan,2.0,3.0,9999.0,apartment,2.8,3350.0,"2025-03-06: 3600, 2013-08-29: 300000, 2011-09-15: 339000, 2011-03-07: 339000, 2011-01-07: 339000, 2010-09-21: 359000, 2010-06-22: 359000",N/A,N/A,N/A
RealtyUS,3692396171,3250.0,"Boston, MA",1300.0,nan,3.0,1.0,9999.0,apartment,2.363636363636364,3350.0,"2025-03-06: 3250, 2022-08-02: 2500, 2022-07-05: 2500, 2022-07-01: 2400, 2022-06-15: 2400, 2022-03-21: 2500, 2015-09-03: 1750, 2015-08-04: 1850, 2015-07-09: 1850",N/A,N/A,N/A
RealtyUS,9378049653,3800.0,"Boston, MA",1000.0,nan,4.0,1.0,3000.0,apartment,1.8,3350.0,"2025-03-05: 3800, 2024-10-01: 3800, 2024-09-10: 3800, 2024-07-11: 3800",N/A,N/A,N/A
RealtyUS,3249644766,2600.0,"Boston, MA",800.0,1965.0,2.0,1.0,9999.0,condos,2.1818181818181817,3350.0,"2025-03-05: 2600, 2023-03-27: 2400, 2023-02-16: 2400, 2023-02-09: 360000, 2023-01-04: 390000, 2022-12-14: 395000, 2022-11-22: 399900, 2022-11-01: 410000, 2022-10-19: 419900, 2016-12-23: 260000, 2016-09-05: 249900, 2009-08-28: 177500, 2009-06-12: 179900, 2008-12-14: 179900, 2008-03-13: 179900, 2007-12-12: 194900, 2007-06-11: 194900",N/A,N/A,N/A
RealtyUS,9313475987,3000.0,"Boston, MA",1240.0,nan,3.0,1.0,5000.0,apartment,1.5,3350.0,"2025-03-05: 3000, 2021-09-03: 3200, 2021-07-21: 3200, 2021-07-06: 3200",N/A,N/A,N/A
RealtyUS,9372463081,3075.0,"Boston, MA",650.0,nan,1.0,1.0,650.0,apartment,2.636363636363636,3350.0,"2025-03-04: 3075, 2024-10-21: 0, 2024-10-21: 2800, 2024-10-01: 2800, 2024-09-30: 2800, 2022-06-04: 2675, 2022-06-02: 2675, 2022-05-27: 2675, 2022-05-16: 2675",N/A,N/A,N/A
RealtyUS,9360484982,2800.0,"Boston, MA",870.0,nan,1.0,1.0,870.0,apartment,1.9090909090909092,3350.0,"2025-03-04: 2800, 2023-06-22: 0, 2023-06-21: 2475, 2022-06-04: 2500, 2022-06-02: 2500, 2022-05-09: 0, 2022-05-06: 2500, 2022-05-05: 2500, 2022-04-27: 2500, 2021-09-13: 2300, 2021-08-06: 2300, 2021-07-24: 2400, 2021-05-27: 2425, 2020-08-18: 2300",N/A,N/A,N/A
RealtyUS,9575107013,2450.0,"Boston, MA",800.0,nan,2.0,1.0,9999.0,apartment,2.0833333333333335,3350.0,"2025-03-04: 2450, 2025-03-03: 2450, 2025-02-28: 2600, 2024-11-27: 2600, 2022-06-10: 2450, 2022-04-29: 2450, 2020-08-18: 2300",N/A,N/A,N/A
RealtyUS,9837250578,1200.0,"Boston, MA",1270.0,nan,4.0,2.0,9999.0,single_family,2.2,3350.0,2025-03-04: 1200,N/A,N/A,N/A
RealtyUS,9119862330,5450.0,"Boston, MA",1400.0,nan,4.0,2.0,99999995.0,apartment,2.2,3350.0,"2025-03-03: 5450, 2023-09-08: 5000, 2023-04-03: 5400, 2023-03-10: 5400, 2022-05-06: 4200, 2022-03-17: 0, 2022-02-15: 4200",N/A,N/A,N/A
RealtyUS,4423255224,3200.0,"Boston, MA",876.0,nan,3.0,1.0,99999995.0,condos,1.7,3350.0,"2025-03-03: 3200, 2015-11-20: 350000, 2015-09-23: 345000, 2013-08-31: 165000, 2010-06-08: 169000, 2009-07-29: 179800, 2009-07-17: 189900, 2009-07-16: 189900, 2009-07-11: 205000, 2009-06-23: 205000, 2009-06-13: 210000, 2009-05-31: 215000, 2009-05-21: 230000, 2009-05-02: 245000, 2009-04-16: 260000",N/A,N/A,N/A
RealtyUS,9903600958,2950.0,"Boston, MA",1000.0,1920.0,2.0,1.0,3860.0,apartment,2.2,3350.0,"2025-03-01: 2950, 2025-01-01: 2950, 2024-11-08: 0, 2024-10-09: 2950, 2024-10-03: 2950",N/A,N/A,N/A
RealtyUS,9870694987,4900.0,"Boston, MA",1270.0,nan,4.0,2.0,9999.0,apartment,1.8,3350.0,"2025-02-28: 4900, 2023-09-11: 4500, 2022-09-02: 4400, 2021-06-01: 4200, 2021-04-28: 4200, 2021-04-22: 0, 2021-04-17: 4200, 2021-04-09: 4200, 2021-03-30: 4100, 2020-08-18: 4000",N/A,N/A,N/A
RealtyUS,9337965850,5500.0,"Boston, MA",1270.0,nan,4.0,3.0,9999.0,apartment,1.5,3350.0,"2025-02-28: 5500, 2024-09-10: 5200, 2024-07-29: 0, 2024-07-09: 5200, 2024-05-28: 5500, 2024-03-12: 5700, 2023-06-05: 3600, 2023-04-26: 4200, 2023-03-31: 0, 2023-03-29: 3600, 2023-03-04: 4200, 2023-03-02: 4200, 2022-12-09: 4200, 2022-11-07: 4500",N/A,N/A,N/A
RealtyUS,4029455281,2300.0,"Boston, MA",700.0,1920.0,1.0,1.0,999999.0,apartment,2.8,3350.0,2025-02-28: 2300,N/A,N/A,N/A
RealtyUS,9667855208,2627.0,"Boston, MA",1270.0,nan,1.0,1.0,9999.0,apartment,1.4,3350.0,"2025-03-07: 0, 2025-03-06: 2627, 2025-03-01: 2644, 2025-02-28: 2644, 2024-07-25: 0, 2024-07-17: 3310, 2024-07-16: 0, 2024-07-04: 2880, 2024-07-03: 0, 2024-06-26: 2932, 2024-06-25: 0, 2024-06-16: 2932, 2024-05-24: 2860, 2022-07-19: 0, 2022-07-14: 2609, 2022-07-08: 2809, 2022-07-07: 0, 2022-05-21: 2865",N/A,N/A,N/A
RealtyUS,4210647061,2550.0,"Boston, MA",1000.0,nan,2.0,1.0,9999.0,apartment,1.8,3350.0,"2025-02-28: 2550, 2014-09-13: 1750, 2014-09-12: 1750, 2014-09-03: 1750, 2014-08-21: 1750, 2008-07-27: 82000, 2008-03-31: 119900, 2008-03-25: 87999, 2007-09-26: 119900",N/A,N/A,N/A
RealtyUS,4992042064,2600.0,"Boston, MA",1200.0,2007.0,2.0,1.0,9999.0,apartment,2.2,3350.0,"2025-02-27: 2600, 2024-08-01: 2700, 2024-04-20: 2600, 2024-04-02: 0, 2024-03-11: 2600, 2012-02-17: 209000, 2012-01-03: 209000, 2009-09-12: 99000, 2009-08-05: 99000, 2009-07-18: 115000, 2009-06-24: 145000, 2009-06-08: 180000, 2009-04-14: 265250, 2009-04-08: 173250, 2009-03-22: 335000",N/A,N/A,N/A
RealtyUS,9986527917,5600.0,"Boston, MA",1500.0,nan,4.0,3.0,99999995.0,apartment,1.5,3350.0,"2025-02-27: 5600, 2023-09-11: 5500, 2023-04-03: 5500, 2023-03-10: 5500, 2023-02-13: 4500, 2022-12-30: 0, 2022-12-09: 4500",N/A,N/A,N/A
RealtyUS,4354811537,2600.0,"Boston, MA",1200.0,nan,2.0,1.0,9999.0,apartment,1.8,3350.0,"2025-02-27: 2600, 2025-02-26: 2600, 2013-01-29: 1325, 2013-01-04: 1325",N/A,N/A,N/A
RealtyUS,3443818884,2800.0,"Boston, MA",1000.0,1920.0,2.0,1.0,2441.0,apartment,2.1818181818181817,3350.0,"2025-02-27: 2800, 2021-06-23: 0, 2021-06-02: 2400, 2018-05-07: 2150, 2018-04-10: 2150, 2011-08-13: 1250, 2011-08-05: 1250, 2008-04-01: 1395, 2008-03-09: 1395",N/A,N/A,N/A
RealtyUS,9360953856,3000.0,"Boston, MA",1000.0,1890.0,3.0,1.0,9999.0,apartment,2.1,3350.0,"2025-02-27: 3000, 2023-12-30: 3000, 2023-12-14: 0, 2023-11-28: 3000, 2023-11-13: 3000, 2023-10-03: 0, 2023-10-02: 0, 2023-09-27: 3000, 2023-09-10: 3000",N/A,N/A,N/A
RealtyUS,9653783443,3900.0,"Boston, MA",1270.0,nan,3.0,2.0,9999.0,apartment,1.5,3350.0,"2025-02-26: 3900, 2022-07-25: 3400, 2022-06-03: 0, 2022-06-02: 3400, 2022-05-08: 3400, 2022-03-08: 3400",N/A,N/A,N/A
RealtyUS,9636758164,4600.0,"Dorchester, MA",1270.0,nan,4.0,2.0,9999.0,apartment,1.7,3350.0,"2025-02-26: 4600, 2022-04-12: 4000, 2022-04-07: 0, 2022-03-15: 4000, 2021-08-25: 0, 2021-08-13: 3700, 2021-08-09: 3700, 2021-08-03: 3700, 2021-08-02: 3700, 2021-07-06: 3800",N/A,N/A,N/A
RealtyUS,4805978716,4400.0,"Boston, MA",1270.0,nan,4.0,2.0,9999.0,apartment,2.2,3350.0,"2025-02-26: 4400, 2023-03-18: 4000, 2023-03-10: 0, 2023-03-08: 0, 2023-02-28: 4000, 2023-02-26: 4000, 2021-09-05: 3700, 2021-07-25: 3700, 2021-06-21: 3700, 2021-06-07: 3750, 2021-04-22: 3800, 2011-05-21: 1800, 2011-05-17: 1800, 2010-08-13: 1600, 2010-07-23: 1600, 2010-07-14: 1600, 2010-06-01: 1600",N/A,N/A,N/A
RealtyUS,9219128234,4600.0,"Dorchester, MA",1270.0,nan,4.0,2.0,9999.0,apartment,1.7,3350.0,"2025-02-26: 4600, 2024-07-28: 4200, 2024-07-25: 0, 2024-06-28: 4200, 2024-05-28: 4400, 2024-04-11: 4500, 2024-04-01: 4600, 2022-04-12: 3950, 2022-04-10: 0, 2022-03-30: 3950, 2021-06-10: 3800, 2021-02-05: 3800",N/A,N/A,N/A
RealtyUS,9327962550,3900.0,"Boston, MA",1270.0,nan,3.0,2.0,9999.0,apartment,1.5,3350.0,"2025-02-26: 3900, 2023-05-01: 3600, 2023-04-26: 0, 2023-04-25: 0, 2023-04-24: 0, 2023-04-07: 3600, 2023-03-25: 0, 2023-03-24: 3600, 2023-03-24: 3600, 2023-02-16: 3600",N/A,N/A,N/A
RealtyUS,9949956803,3900.0,"Boston, MA",1270.0,nan,3.0,2.0,9999.0,apartment,1.5,3350.0,"2025-03-01: 0, 2025-02-26: 3900, 2025-02-20: 3900, 2023-02-28: 0, 2023-02-21: 3600, 2022-09-01: 3400, 2022-04-04: 3400, 2022-03-29: 0, 2022-03-01: 3400, 2021-05-11: 3200, 2021-04-22: 0, 2021-04-17: 3200, 2021-01-22: 3200",N/A,N/A,N/A
RealtyUS,9248744881,4400.0,"Boston, MA",1270.0,nan,4.0,2.0,9999.0,apartment,2.2,3350.0,"2025-02-26: 4400, 2023-03-24: 0, 2023-03-23: 4000, 2016-07-12: 2600, 2016-07-02: 2800, 2016-06-05: 2600, 2016-05-25: 2800, 2016-05-24: 2800, 2016-05-24: 2800, 2016-05-16: 2800, 2016-05-08: 3100, 2016-05-05: 2950, 2016-04-06: 3100",N/A,N/A,N/A
RealtyUS,9033656028,4600.0,"Dorchester, MA",1270.0,nan,4.0,2.0,9999.0,apartment,1.7,3350.0,"2025-02-26: 4600, 2022-04-04: 3950, 2022-04-01: 0, 2022-03-15: 3950",N/A,N/A,N/A
RealtyUS,4990542468,3150.0,"Boston, MA",900.0,2017.0,2.0,1.0,8000.0,apartment,2.1818181818181817,3350.0,"2025-02-26: 3150, 2024-04-02: 3000, 2024-03-22: 0, 2024-03-21: 0, 2024-03-15: 3000, 2024-02-29: 3000, 2023-03-02: 2900, 2023-01-26: 0, 2023-01-26: 0, 2023-01-06: 2900, 2023-01-04: 2900, 2022-03-02: 2800, 2022-01-18: 0, 2022-01-07: 2800, 2022-01-03: 2800, 2021-12-02: 2800, 2019-09-04: 2800, 2019-08-21: 2800, 2019-07-17: 0, 2019-07-09: 2800, 2018-02-02: 2500, 2017-05-23: 2600, 2017-05-22: 2600",N/A,N/A,N/A
RealtyUS,9789736838,2950.0,"Boston, MA",1120.0,1991.0,3.0,1.0,8712.0,apartment,2.1,3350.0,2025-02-26: 2950,N/A,N/A,N/A
RealtyUS,4354811537,2600.0,"Boston, MA",1200.0,nan,2.0,1.0,9999.0,apartment,1.8,3350.0,"2025-02-27: 2600, 2025-02-26: 2600, 2013-01-29: 1325, 2013-01-04: 1325",N/A,N/A,N/A
RealtyUS,9348348632,3650.0,"Boston, MA",1000.0,nan,3.0,2.0,99999995.0,apartment,2.8,3350.0,"2025-02-25: 3650, 2023-09-11: 3400, 2022-12-18: 3600",N/A,N/A,N/A
RealtyUS,4591592211,5000.0,"Boston, MA",1300.0,nan,4.0,2.0,99999995.0,apartment,1.8,3350.0,"2025-02-25: 5000, 2023-09-11: 4700, 2021-04-16: 4200, 2021-04-07: 4200, 2021-02-18: 4200, 2021-02-13: 4300, 2020-08-18: 4000, 2020-08-18: 4200, 2018-01-31: 1900, 2018-01-18: 1900, 2018-01-09: 2100, 2015-11-18: 2000, 2015-10-05: 2000",N/A,N/A,N/A
RealtyUS,9292180700,4800.0,"Boston, MA",1200.0,nan,4.0,2.0,99999995.0,apartment,2.2,3350.0,"2025-02-26: 4800, 2025-02-25: 4700, 2022-02-02: 3850, 2021-12-29: 3850, 2021-11-02: 3850, 2012-02-16: 1375, 2012-01-12: 1350",N/A,N/A,N/A
RealtyUS,9407551951,2000.0,"Boston, MA",1270.0,nan,1.0,1.0,9999.0,apartment,2.5454545454545454,3350.0,"2025-02-25: 2000, 2025-02-25: 2000, 2025-02-04: 2000, 2025-01-22: 0, 2024-07-02: 0, 2024-06-25: 2100, 2024-06-20: 2100, 2024-06-20: 2100, 2024-06-04: 2175, 2024-04-17: 2175, 2024-02-20: 2175, 2024-02-01: 2100, 2023-10-02: 2100",N/A,N/A,N/A
RealtyUS,9895863658,3600.0,"Boston, MA",1270.0,nan,4.0,1.0,9999.0,apartment,2.5454545454545454,3350.0,"2025-02-26: 3600, 2025-02-26: 3600, 2025-02-25: 3600, 2025-02-11: 3600, 2025-02-05: 0, 2025-01-25: 3600, 2025-01-22: 0, 2025-01-14: 0, 2025-01-12: 3600, 2024-09-01: 3600, 2024-08-08: 0, 2024-04-17: 3600, 2024-03-18: 3600, 2024-02-13: 3600, 2020-07-28: 2800, 2020-06-26: 2800, 2020-05-19: 2800, 2020-03-23: 3000, 2018-07-04: 1975, 2018-06-26: 1975",N/A,N/A,N/A
RealtyUS,9240891557,5200.0,"Boston, MA",1200.0,nan,4.0,2.0,99999995.0,apartment,1.5,3350.0,"2025-02-25: 5200, 2023-01-24: 3800, 2023-01-06: 0, 2022-12-09: 3800, 2022-11-07: 4250",N/A,N/A,N/A
RealtyUS,9369814304,2000.0,"Boston, MA",1270.0,nan,1.0,1.0,9999.0,apartment,2.5454545454545454,3350.0,"2025-02-25: 2000, 2025-02-25: 2000, 2025-02-04: 2000, 2025-01-22: 0, 2024-07-02: 0, 2024-06-25: 2100, 2024-06-20: 2100, 2024-06-20: 2100, 2024-06-04: 2175, 2024-04-17: 2175, 2024-02-20: 2175, 2020-08-18: 1600",N/A,N/A,N/A
RealtyUS,9343499828,4800.0,"Boston, MA",1200.0,nan,4.0,2.0,99999995.0,apartment,2.8,3350.0,"2025-02-25: 4800, 2023-08-08: 4400, 2022-12-18: 4000",N/A,N/A,N/A
RealtyUS,4348030635,4800.0,"Boston, MA",1400.0,nan,4.0,3.0,9999.0,apartment,2.2,3350.0,"2025-02-25: 4800, 2023-04-15: 0, 2023-04-06: 0, 2023-04-05: 4600, 2023-04-04: 4600",N/A,N/A,N/A
RealtyUS,9890296288,2902.0,"Boston, MA",1270.0,nan,1.0,1.0,9999.0,apartment,1.4,3350.0,"2025-03-07: 0, 2025-03-06: 2902, 2025-03-01: 2919, 2025-02-25: 2919, 2024-07-25: 0, 2024-07-17: 3085, 2024-07-16: 0, 2024-07-04: 3085, 2024-07-03: 0, 2024-06-26: 3135, 2024-06-25: 0, 2024-05-24: 3135, 2022-06-11: 0, 2022-05-21: 3140, 2022-04-21: 3220",N/A,N/A,N/A
RealtyUS,9545371679,5200.0,"Boston, MA",1400.0,nan,4.0,3.0,9999.0,apartment,1.5,3350.0,"2025-02-25: 5200, 2024-05-12: 0, 2024-03-08: 4800, 2024-03-08: 0, 2024-03-06: 0, 2024-03-06: 4800, 2024-02-22: 4800, 2024-02-22: 0, 2024-02-21: 4800, 2024-02-21: 0, 2024-02-20: 0, 2024-02-20: 4800, 2024-02-20: 0, 2024-02-16: 4800, 2024-02-16: 0, 2024-02-14: 0, 2024-02-14: 4800, 2024-02-11: 4800",N/A,N/A,N/A
RealtyUS,4919535042,3000.0,"Boston, MA",1225.0,nan,3.0,1.0,5200.0,apartment,2.2,3350.0,"2025-02-24: 3000, 2022-06-04: 2800, 2022-06-02: 2800, 2022-05-21: 2800, 2022-03-29: 0, 2022-03-27: 0, 2022-03-15: 2800, 2022-03-13: 2800, 2021-05-03: 2700, 2021-04-11: 2700, 2021-03-09: 2700, 2019-10-25: 2700, 2019-04-15: 2700, 2019-03-20: 2700",N/A,N/A,N/A
RealtyUS,9983178416,2500.0,"Boston, MA",1000.0,nan,1.0,1.0,5000.0,apartment,1.7,3350.0,2025-02-24: 2500,N/A,N/A,N/A
RealtyUS,9226451130,4000.0,"Boston, MA",1533.0,2023.0,3.0,2.0,5663.0,condos,2.7,3350.0,"2025-03-05: 4000, 2025-02-23: 4100, 2023-05-30: 634000, 2023-04-21: 623500, 2023-04-20: 623900, 2023-04-17: 623900, 2023-03-15: 624900, 2022-12-10: 628900, 2022-11-23: 628900, 2022-10-28: 629000, 2022-10-24: 619000",N/A,N/A,N/A
RealtyUS,3737892384,3600.0,"Boston, MA",1500.0,nan,2.0,1.0,4312440.0,single_family,2.2,3350.0,"2025-02-22: 3600, 2021-04-05: 2300, 2019-03-15: 2500, 2019-02-25: 2500, 2019-01-07: 2500",N/A,N/A,N/A
RealtyUS,9566886703,4000.0,"Boston, MA",830.0,2023.0,2.0,2.0,3000.0,apartment,2.6,3350.0,2025-02-20: 4000,N/A,N/A,N/A
RealtyUS,9079398954,3400.0,"Boston, MA",1752.0,nan,4.0,2.0,999999.0,condos,2.0833333333333335,3350.0,"2025-02-19: 3400, 2025-01-29: 3400, 2024-12-30: 3400",N/A,N/A,N/A
RealtyUS,9987793047,4000.0,"Boston, MA",1270.0,nan,3.0,2.0,9999.0,apartment,1.8,3350.0,,N/A,N/A,N/A
RealtyUS,3106917735,5250.0,"Boston, MA",1250.0,nan,4.0,3.0,99999995.0,apartment,1.8,3350.0,"2025-02-19: 5250, 2023-09-01: 4850, 2017-07-03: 4000, 2017-06-14: 3600, 2017-06-03: 3600, 2017-04-26: 3800",N/A,N/A,N/A
RealtyUS,9283133330,2850.0,"Boston, MA",700.0,nan,1.0,1.0,99999995.0,apartment,1.5,3350.0,"2025-02-19: 2850, 2024-09-10: 2700, 2022-09-19: 2350, 2022-08-02: 0, 2022-07-22: 2350",N/A,N/A,N/A
RealtyUS,9745165076,3000.0,"Boston, MA",1600.0,nan,3.0,1.0,9999.0,apartment,2.1818181818181817,3350.0,"2025-02-24: 3000, 2025-02-23: 0, 2025-02-18: 3000, 2025-02-12: 3000, 2025-02-01: 3150, 2024-12-26: 0, 2024-12-14: 3150, 2024-12-14: 3150, 2024-11-26: 3300, 2024-11-25: 3300, 2024-11-20: 3300, 2024-09-10: 0, 2024-09-01: 3450, 2024-08-26: 3450, 2024-08-20: 3450, 2024-08-19: 0, 2024-07-29: 3450, 2024-07-27: 3450, 2024-07-08: 3600, 2024-06-18: 3600",N/A,N/A,N/A
RealtyUS,4285044067,939000.0,"Boston, MA",1025.0,2019.0,2.0,2.0,9999.0,condos,2.636363636363636,3350.0,"2025-02-18: 939000, 2025-02-18: 4500, 2025-02-03: 939000, 2025-01-29: 939000, 2024-07-02: 950000, 2024-05-21: 950000, 2024-05-01: 950000, 2024-03-31: 4500, 2024-02-21: 4500, 2024-02-15: 975000, 2024-02-14: 975000, 2023-08-31: 950000, 2023-08-19: 4500, 2023-08-15: 4500, 2023-08-10: 0, 2023-06-24: 4500, 2023-05-22: 975000, 2023-04-03: 975000, 2019-07-08: 660000, 2019-05-03: 699000, 2019-03-16: 709000, 2019-02-06: 749000",N/A,N/A,N/A
RealtyUS,9650231592,3600.0,"Boston, MA",850.0,nan,2.0,2.0,9999.0,apartment,2.636363636363636,3350.0,2025-02-17: 3600,N/A,N/A,N/A
RealtyUS,9697337325,5950.0,"Boston, MA",1839.0,2023.0,2.0,4.0,9999.0,condos,2.363636363636364,3350.0,"2025-02-17: 3500, 2025-02-17: 5950, 2025-02-16: 3500, 2025-01-29: 3500, 2024-08-07: 899900, 2024-06-12: 899900, 2024-05-21: 995000, 2024-03-14: 995000, 2024-01-26: 1050000",N/A,N/A,N/A
RealtyUS,9218760555,5975.0,"Boston, MA",1800.0,nan,5.0,4.0,9999.0,apartment,1.7,3350.0,"2025-03-06: 5975, 2025-02-17: 6200, 2023-03-21: 0, 2023-03-07: 6000",N/A,N/A,N/A
RealtyUS,9985936219,4600.0,"Boston, MA",1100.0,nan,4.0,2.0,9999.0,apartment,1.8,3350.0,"2025-02-17: 4600, 2023-03-31: 0, 2023-03-31: 0, 2023-03-28: 4400, 2023-03-24: 4400, 2023-03-24: 0, 2023-03-08: 4400, 2023-03-08: 0, 2023-02-26: 4400, 2023-02-26: 0, 2023-02-08: 0, 2023-02-07: 4400, 2023-02-07: 4400",N/A,N/A,N/A
RealtyUS,9356399408,3600.0,"Boston, MA",950.0,nan,3.0,2.0,9999.0,apartment,1.8,3350.0,"2025-02-17: 3600, 2023-03-21: 0, 2023-03-18: 3100, 2023-03-18: 0, 2023-03-12: 3100, 2023-03-12: 0, 2023-03-07: 3100, 2023-02-26: 0, 2023-02-08: 0, 2023-02-07: 3100, 2023-02-07: 3100, 2022-05-26: 0, 2022-05-16: 3000, 2022-05-16: 0, 2022-05-14: 0, 2022-05-13: 0, 2022-05-13: 3000, 2022-05-12: 0, 2022-05-11: 3000, 2022-05-11: 0, 2022-05-11: 0, 2022-05-10: 0, 2022-05-10: 3000, 2022-05-09: 0, 2022-05-06: 0, 2022-05-05: 3000, 2022-05-05: 0, 2022-05-04: 0, 2022-05-04: 3000, 2022-05-04: 0, 2022-05-03: 0, 2022-05-03: 3000, 2022-05-02: 0, 2022-05-01: 0, 2022-04-30: 3000, 2022-04-30: 0, 2022-04-30: 0, 2022-04-28: 3000, 2022-04-28: 0, 2022-04-27: 3000, 2022-04-26: 0, 2022-04-22: 3000, 2022-04-22: 0, 2022-04-18: 0, 2022-04-18: 3000, 2022-04-15: 3000",N/A,N/A,N/A
RealtyUS,9411482419,4000.0,"Boston, MA",1450.0,1900.0,4.0,1.0,5495.0,condo_townhome_rowhome_coop,2.0,3350.0,"2025-02-26: 4000, 2025-02-15: 4200",N/A,N/A,N/A
RealtyUS,9703575236,2850.0,"Boston, MA",950.0,nan,3.0,1.0,3089.0,apartment,2.4545454545454546,3350.0,"2025-02-15: 2850, 2021-04-22: 0, 2021-04-17: 2000",N/A,N/A,N/A
RealtyUS,9852493934,2500.0,"Boston, MA",1000.0,nan,2.0,1.0,999.0,apartment,2.5833333333333335,3350.0,"2025-02-15: 2500, 2021-04-05: 1700",N/A,N/A,N/A
RealtyUS,4402979036,3100.0,"Boston, MA",1000.0,1905.0,2.0,1.0,2900.0,apartment,1.7,3350.0,"2025-02-15: 3100, 2023-05-15: 2800, 2023-04-19: 0, 2023-03-11: 2800, 2023-03-09: 3000, 2006-05-19: 1200, 2006-04-05: 1250",N/A,N/A,N/A
RealtyUS,9350380753,3900.0,"Boston, MA",1325.0,1900.0,4.0,2.0,1325.0,condo_townhome_rowhome_coop,2.2,3350.0,"2025-02-14: 3900, 2025-02-14: 3900, 2025-01-28: 3900, 2025-01-23: 3900, 2024-08-01: 3800, 2024-07-31: 3800, 2024-04-02: 0, 2024-02-03: 0, 2024-02-02: 3600, 2024-01-24: 0, 2024-01-22: 3600, 2024-01-02: 0, 2024-01-01: 3600, 2023-12-01: 3600, 2023-11-04: 3600, 2023-11-03: 3600, 2023-11-01: 0, 2023-10-02: 0, 2023-10-01: 3600, 2023-08-28: 3600, 2023-08-16: 3700, 2023-08-15: 0, 2023-07-12: 3700, 2023-06-25: 3700, 2023-06-16: 3700, 2022-09-04: 3700, 2022-08-03: 0, 2022-08-03: 0, 2022-06-29: 3700, 2022-06-29: 3700",N/A,N/A,N/A
RealtyUS,9530483023,3300.0,"Boston, MA",1100.0,nan,3.0,1.0,9999.0,townhomes,1.7,3350.0,"2025-02-14: 3300, 2025-02-09: 3300, 2025-02-06: 3500",N/A,N/A,N/A
RealtyUS,9130554374,3600.0,"Boston, MA",999.0,nan,3.0,1.0,999.0,apartment,2.2,3350.0,2025-02-14: 3600,N/A,N/A,N/A
RealtyUS,3077851981,4400.0,"Boston, MA",9999.0,nan,4.0,2.0,9999.0,condos,2.2,3350.0,"2025-02-14: 4400, 2025-02-13: 2900, 2021-04-22: 0, 2021-04-17: 3000, 2014-08-17: 2000, 2014-08-04: 2100, 2014-08-03: 2000, 2014-07-22: 2100, 2014-07-21: 2100, 2014-07-17: 2300, 2014-07-12: 2200, 2014-07-11: 2500, 2014-07-05: 2400, 2014-05-13: 2500",N/A,N/A,N/A
RealtyUS,9043482093,3800.0,"Boston, MA",1100.0,nan,2.0,2.0,9999.0,condo_townhome_rowhome_coop,2.8,3350.0,"2025-02-13: 3800, 2024-01-10: 0, 2024-01-09: 3800, 2023-12-14: 3800, 2023-12-12: 3800",N/A,N/A,N/A
RealtyUS,9403710838,3600.0,"Dorchester, MA",825.0,nan,2.0,2.0,9999.0,condos,2.8,3350.0,"2025-02-18: 3600, 2025-02-12: 3800",N/A,N/A,N/A
RealtyUS,9615383309,2200.0,"Boston, MA",400.0,1900.0,1.0,1.0,11329.0,apartment,2.0833333333333335,3350.0,"2025-02-12: 2200, 2024-06-24: 0, 2024-06-16: 0, 2024-04-20: 2100, 2024-04-16: 2100, 2024-04-15: 0, 2024-04-08: 0, 2024-04-06: 0, 2024-01-25: 2200, 2024-01-24: 0, 2024-01-19: 2200, 2024-01-18: 0, 2024-01-09: 2200, 2024-01-09: 2200, 2024-01-09: 2200, 2024-01-08: 2200, 2023-12-20: 2250, 2023-12-19: 0, 2023-11-10: 2250, 2023-11-08: 0, 2023-10-19: 2250, 2023-10-18: 0, 2023-09-20: 2250, 2023-09-20: 2250, 2023-09-20: 2250, 2023-09-18: 2250",N/A,N/A,N/A
RealtyUS,9372338630,3700.0,"Boston, MA",1300.0,nan,3.0,2.0,9999.0,apartment,2.363636363636364,3350.0,"2025-02-12: 3700, 2024-12-19: 0, 2024-12-16: 3800, 2024-12-11: 3800, 2024-12-03: 0, 2024-11-14: 3800, 2024-10-10: 3800, 2024-10-09: 3800, 2024-10-09: 0, 2024-10-08: 3800, 2024-10-08: 0, 2024-10-05: 3800, 2024-10-03: 0, 2024-10-02: 3800, 2024-10-02: 0, 2024-09-25: 3800, 2024-09-25: 0, 2024-09-24: 0, 2024-09-24: 3800, 2024-09-21: 3800, 2024-09-20: 0, 2024-09-10: 3800, 2024-08-27: 3900",N/A,N/A,N/A
RealtyUS,9532904980,5000.0,"Boston, MA",1250.0,nan,4.0,2.0,99999995.0,apartment,1.5,3350.0,"2025-02-11: 5000, 2025-02-11: 0, 2025-02-06: 5000, 2023-09-11: 4400, 2023-09-01: 3900, 2022-09-19: 3600, 2022-08-23: 0, 2022-08-16: 3600, 2022-08-13: 3600, 2022-08-12: 3600, 2022-08-10: 0, 2022-08-07: 3600",N/A,N/A,N/A
RealtyUS,9717710241,3800.0,"Boston, MA",9999.0,nan,4.0,1.0,9999.0,apartment,1.5,3350.0,"2025-02-10: 3800, 2024-12-19: 3800, 2024-07-10: 0, 2024-06-19: 3800, 2023-08-23: 0, 2023-07-26: 0, 2023-06-24: 3400, 2023-05-04: 4000, 2023-03-09: 0, 2023-02-08: 4800, 2023-01-13: 0, 2023-01-09: 0, 2023-01-07: 5500, 2023-01-06: 5500, 2020-01-16: 0, 2020-01-14: 3600, 2020-01-07: 0, 2020-01-04: 3600, 2020-01-04: 0, 2019-12-27: 3600, 2019-12-27: 0, 2019-12-19: 3600, 2019-12-17: 0, 2019-12-10: 3600",N/A,N/A,N/A
RealtyUS,9653193639,3350.0,"Boston, MA",9999.0,nan,3.0,1.0,9999.0,condos,1.5,3350.0,"2025-02-10: 3350, 2024-12-19: 3350, 2023-10-12: 0, 2023-05-04: 3600, 2021-04-22: 0, 2021-04-17: 3500",N/A,N/A,N/A
RealtyUS,9153316551,3400.0,"Boston, MA",1100.0,nan,2.0,2.0,9999.0,apartment,2.363636363636364,3350.0,"2025-02-10: 3400, 2025-02-01: 3300, 2024-11-20: 0, 2024-10-08: 3300, 2024-10-01: 3300",N/A,N/A,N/A
RealtyUS,9912988813,3800.0,"Boston, MA",1400.0,nan,3.0,2.0,9999.0,condos,2.2,3350.0,"2025-02-19: 3800, 2025-02-07: 4000, 2021-05-13: 495000",N/A,N/A,N/A
RealtyUS,9530483023,3300.0,"Boston, MA",1100.0,nan,3.0,1.0,9999.0,townhomes,1.7,3350.0,"2025-02-14: 3300, 2025-02-09: 3300, 2025-02-06: 3500",N/A,N/A,N/A
RealtyUS,3737233430,4600.0,"Boston, MA",9999.0,nan,4.0,2.0,9999.0,apartment,2.2,3350.0,"2025-02-06: 4600, 2022-07-07: 0, 2022-07-06: 4000, 2022-06-30: 0, 2022-06-30: 0, 2022-06-24: 4000, 2022-06-21: 0, 2022-06-18: 4000, 2022-05-31: 4000, 2022-05-23: 0, 2022-04-22: 4000, 2022-04-19: 0, 2022-03-21: 4000, 2019-12-12: 589000, 2015-04-13: 399900, 2015-02-04: 399900, 2007-01-26: 270500, 2006-08-09: 309000, 2006-08-03: 275000, 2006-04-28: 309000, 2006-04-25: 309000, 2006-01-21: 309000",N/A,N/A,N/A
RealtyUS,9228096836,3750.0,"Boston, MA",1162.0,nan,3.0,2.0,9999.0,condos,2.1818181818181817,3350.0,"2025-03-07: 0, 2025-02-12: 3750, 2025-02-05: 3750, 2015-07-01: 480000, 2015-05-07: 459999, 2008-02-29: 290000, 2007-12-06: 299000, 1994-11-16: 82200, 1988-04-12: 130500",N/A,N/A,N/A
RealtyUS,9752002034,3900.0,"Boston, MA",1300.0,nan,4.0,2.0,5000.0,apartment,1.7,3350.0,"2025-02-05: 3900, 2025-01-02: 3900, 2024-10-09: 3900, 2024-09-12: 4000",N/A,N/A,N/A
RealtyUS,4029700061,4375.0,"Boston, MA",1270.0,nan,4.0,1.0,9999.0,apartment,2.2,3350.0,"2025-03-06: 4375, 2025-02-04: 4400, 2025-02-04: 4400, 2025-01-06: 4400, 2024-12-10: 0, 2024-11-28: 1200, 2024-11-02: 1175, 2024-08-31: 3800, 2024-07-13: 0, 2024-07-12: 1150, 2024-07-04: 1175, 2024-07-02: 1150, 2024-06-27: 1175, 2024-06-25: 3800, 2024-06-25: 1150, 2024-06-23: 1175, 2024-06-22: 1150, 2024-06-21: 1175, 2024-06-16: 1200, 2024-06-15: 1175, 2024-06-12: 1200, 2024-05-29: 1250, 2024-05-09: 1275, 2024-04-26: 1325, 2024-04-21: 0, 2024-04-21: 1275, 2024-04-19: 3825, 2024-04-08: 1400, 2023-12-15: 0, 2023-12-14: 1150, 2023-12-10: 1175, 2023-12-09: 1150, 2023-12-08: 1175, 2023-12-06: 1150, 2023-12-02: 1225, 2023-11-30: 1250, 2023-11-29: 1225, 2023-11-28: 1250, 2023-11-27: 1225, 2023-11-26: 1275, 2023-11-23: 1300, 2023-11-22: 1275, 2023-11-18: 1350, 2023-11-17: 1325, 2023-11-16: 1400, 2023-11-15: 1450, 2023-11-14: 1125, 2023-11-10: 1175, 2023-11-09: 1150, 2023-11-08: 1225, 2023-10-28: 1400, 2023-10-26: 1475, 2023-09-29: 1375, 2023-08-26: 1425, 2023-08-20: 1400, 2023-08-18: 1375, 2023-08-09: 1350, 2023-07-29: 0, 2023-07-28: 1450, 2023-07-24: 1425, 2023-07-22: 1400, 2023-07-19: 1425, 2023-07-17: 1400, 2023-07-15: 1425, 2023-06-21: 0, 2023-06-06: 1150, 2023-06-04: 0, 2023-06-03: 1150, 2023-06-01: 1375, 2023-05-27: 1475, 2023-05-26: 1525, 2023-05-22: 1600, 2023-05-18: 1625, 2023-05-14: 1650, 2023-05-13: 1700, 2023-05-12: 1725, 2023-05-10: 1675, 2023-05-08: 1725, 2023-05-05: 1700, 2023-04-30: 1725, 2023-04-28: 1675, 2023-04-06: 0, 2023-04-05: 7025, 2023-04-04: 0, 2023-04-04: 0, 2023-04-02: 9625, 2023-03-24: 1700, 2023-03-17: 1750, 2022-09-01: 4000, 2022-08-13: 3600, 2022-08-11: 0, 2022-08-09: 0, 2022-08-03: 0, 2022-08-01: 3650, 2022-08-01: 0, 2022-07-31: 0, 2022-07-30: 0, 2022-07-30: 3700, 2022-07-29: 0, 2022-07-27: 3650, 2022-07-27: 0, 2022-07-26: 0, 2022-07-26: 3700, 2022-07-25: 3650, 2022-07-25: 0, 2022-07-24: 0, 2022-07-24: 3700, 2022-07-23: 3650, 2022-07-23: 0, 2022-07-21: 0, 2022-07-21: 3600, 2022-07-18: 0, 2022-07-18: 3700, 2022-07-16: 0, 2022-07-15: 0, 2022-07-14: 3700, 2022-07-14: 0, 2022-07-13: 0, 2022-06-30: 3700, 2022-06-29: 3800, 2022-06-18: 0, 2022-06-17: 4550, 2022-06-16: 4475, 2022-06-15: 4550, 2022-06-14: 4800, 2022-06-13: 4550, 2022-06-12: 4775, 2022-06-11: 4550, 2022-06-10: 4575, 2022-06-09: 4450, 2022-06-08: 4575, 2022-06-07: 4550, 2022-06-05: 4575, 2022-06-04: 4450, 2022-06-02: 4675, 2022-06-01: 4550, 2022-05-31: 4650, 2022-05-30: 6450, 2022-05-29: 4650, 2022-05-27: 0, 2022-05-26: 4550, 2022-05-25: 6725, 2022-05-24: 4575, 2018-09-24: 2800, 2018-08-04: 2800, 2018-07-27: 3000, 2014-08-16: 2600, 2014-07-23: 2700, 2014-07-07: 2700",N/A,N/A,N/A
RealtyUS,4441621160,2700.0,"Boston, MA",733.0,nan,3.0,1.0,9999.0,apartment,1.5,3350.0,"2025-02-01: 2700, 2020-03-04: 345000, 2018-11-20: 2100, 2018-11-01: 2100, 2018-10-24: 2200, 2018-10-09: 2300, 2018-09-06: 2400, 2000-08-31: 40000, 1998-08-07: 30000, 1992-06-19: 30000, 1989-08-14: 98000",N/A,N/A,N/A
RealtyUS,4151692340,4200.0,"Boston, MA",1564.0,2023.0,3.0,3.0,7405.0,apartment,2.8181818181818183,3350.0,"2025-02-01: 4200, 2024-05-02: 4200, 2023-04-12: 3950, 2023-04-05: 0, 2023-03-04: 3950, 2023-02-13: 4200, 2008-05-07: 1300, 2008-04-14: 1300",N/A,N/A,N/A
RealtyUS,9665049013,1280.0,"Boston, MA",1270.0,nan,3.0,2.0,9999.0,single_family,1.5,3350.0,"2025-03-01: 1280, 2025-02-16: 1260, 2025-02-15: 1330, 2025-02-12: 1310, 2025-02-05: 1260, 2025-02-01: 1330",N/A,N/A,N/A
RealtyUS,9738105329,3500.0,"Boston, MA",2178.0,nan,3.0,1.0,2178.0,apartment,2.1,3350.0,2025-01-31: 3500,N/A,N/A,N/A
RealtyUS,9512779992,4200.0,"Boston, MA",1270.0,2023.0,3.0,3.0,9999.0,condo_townhome_rowhome_coop,2.8,3350.0,"2025-03-07: 0, 2025-02-07: 4200, 2025-01-31: 4200, 2024-03-11: 0, 2024-03-08: 4200, 2024-02-11: 4200, 2024-02-11: 4200, 2023-12-28: 4200, 2023-12-18: 4200",N/A,N/A,N/A
RealtyUS,9739058165,3625.0,"Boston, MA",1000.0,1900.0,4.0,1.0,9999.0,apartment,1.8,3350.0,"2025-01-31: 3625, 2023-04-18: 0, 2023-04-17: 0, 2023-04-15: 3425, 2023-04-14: 0, 2023-04-13: 3425, 2023-04-09: 0, 2023-04-05: 3425, 2023-04-03: 0, 2023-04-02: 3425, 2023-04-01: 0, 2023-03-31: 0, 2023-03-30: 0, 2023-03-29: 3425, 2023-03-28: 0, 2023-03-27: 0, 2023-03-26: 0, 2023-03-25: 3425, 2023-03-25: 0, 2023-03-23: 3425, 2023-03-23: 0, 2023-03-22: 3425, 2023-03-22: 0, 2023-03-21: 0, 2023-03-13: 3425, 2023-03-08: 0, 2023-03-07: 0, 2023-03-05: 3425, 2023-03-04: 0, 2023-03-03: 0, 2023-02-28: 0, 2023-02-27: 0, 2023-02-18: 3425, 2023-02-17: 0, 2023-02-16: 3425, 2023-02-14: 0, 2023-02-13: 0, 2023-02-12: 3425, 2023-02-01: 0, 2023-01-18: 3425, 2022-11-05: 0, 2022-08-25: 0, 2022-08-24: 0, 2022-08-24: 3250, 2022-08-23: 0, 2022-08-22: 0, 2022-08-21: 3295, 2022-08-21: 0, 2022-08-20: 0, 2022-08-20: 3250, 2022-08-19: 3295, 2022-08-19: 0, 2022-08-18: 0, 2022-08-17: 0, 2022-08-17: 3250, 2022-08-17: 0, 2022-08-16: 0, 2022-08-16: 3295, 2022-08-15: 3295, 2022-08-15: 0, 2022-08-15: 0, 2022-08-14: 0, 2022-08-14: 3250, 2022-08-14: 0, 2022-08-13: 0, 2022-08-13: 3295, 2022-08-12: 3295, 2022-08-06: 0, 2022-07-14: 3250, 2022-07-13: 0, 2022-07-10: 0, 2022-07-09: 0, 2022-07-08: 0, 2022-07-08: 3250, 2022-07-07: 0, 2022-07-06: 0, 2022-07-05: 3250, 2022-07-03: 0, 2022-07-03: 0, 2022-07-02: 3250, 2022-07-02: 0, 2022-03-28: 0, 2022-03-09: 3250, 2022-03-09: 0, 2022-03-08: 0, 2022-03-08: 3250, 2022-03-06: 3250, 2022-03-06: 0, 2022-03-04: 0, 2022-03-04: 3250, 2022-03-03: 3250, 2022-03-03: 0, 2022-02-22: 3250",N/A,N/A,N/A
RealtyUS,9107828930,3450.0,"Boston, MA",9999.0,nan,3.0,1.0,9999.0,condos,2.2,3350.0,"2025-01-30: 3450, 2022-02-15: 0, 2022-02-07: 2800, 2021-08-25: 0, 2021-08-20: 2700",N/A,N/A,N/A
RealtyUS,9260564028,2750.0,"Boston, MA",936.0,nan,2.0,1.0,2793.0,apartment,1.8,3350.0,"2025-02-18: 2750, 2025-02-04: 2600, 2025-01-28: 2600",N/A,N/A,N/A
RealtyUS,9412527723,4200.0,"Boston, MA",9999.0,nan,4.0,2.0,9999.0,condos,2.0,3350.0,"2025-01-28: 4200, 2022-06-27: 0, 2022-06-26: 3350, 2022-06-26: 0, 2022-06-13: 3350, 2022-06-12: 3900, 2022-06-12: 0, 2022-05-17: 3900, 2022-05-17: 0, 2022-05-04: 3900, 2022-04-30: 0, 2022-04-13: 4200",N/A,N/A,N/A
RealtyUS,9578407390,3600.0,"Boston, MA",1100.0,nan,4.0,1.0,2222.0,apartment,2.272727272727273,3350.0,2025-01-27: 3600,N/A,N/A,N/A
RealtyUS,9601860022,4000.0,"Dorchester, MA",1270.0,nan,3.0,2.0,9999.0,apartment,2.272727272727273,3350.0,,N/A,N/A,N/A
RealtyUS,9032940889,5200.0,"Boston, MA",9999.0,nan,4.0,2.0,9999.0,condos,1.7,3350.0,"2025-01-24: 5200, 2023-03-02: 4950, 2022-12-22: 0, 2022-12-21: 6200",N/A,N/A,N/A
RealtyUS,4883384847,5400.0,"Boston, MA",9999.0,nan,4.0,3.0,9999.0,apartment,1.7,3350.0,"2025-01-23: 5400, 2023-03-12: 5000, 2019-03-28: 4450, 2019-03-12: 4350, 2019-02-26: 4450",N/A,N/A,N/A
RealtyUS,9610744006,5350.0,"Boston, MA",9999.0,nan,4.0,3.0,9999.0,apartment,1.7,3350.0,"2025-01-23: 5350, 2023-02-11: 4500, 2022-03-11: 0, 2022-02-09: 4500, 2019-03-08: 4300, 2019-02-26: 4300, 2018-06-03: 0, 2018-05-31: 4200, 2018-05-29: 4200, 2018-05-28: 0, 2018-04-14: 4200, 2016-05-03: 4000, 2016-04-19: 4000, 2016-04-06: 4200, 2016-03-24: 4200, 2016-03-14: 4200",N/A,N/A,N/A
RealtyUS,4545064781,4400.0,"Dorchester, MA",1100.0,nan,4.0,1.0,9999.0,condos,2.2,3350.0,"2025-02-05: 0, 2025-01-25: 4400, 2025-01-23: 4400, 2024-12-10: 0, 2024-12-09: 875, 2024-12-07: 925, 2024-12-06: 875, 2024-12-05: 1025, 2024-12-04: 875, 2024-12-03: 0, 2024-11-30: 975, 2024-11-29: 875, 2024-11-26: 825, 2024-11-25: 875, 2024-11-24: 900, 2024-11-23: 1025, 2024-11-21: 0, 2024-11-20: 850, 2024-11-18: 950, 2024-11-15: 850, 2024-11-12: 975, 2024-11-06: 875, 2024-10-24: 1025, 2024-10-23: 1000, 2024-10-19: 1025, 2024-10-18: 1000, 2024-10-11: 1025, 2024-10-04: 1050, 2024-10-03: 1075, 2024-09-29: 1125, 2024-09-26: 1100, 2024-09-12: 1125, 2024-06-24: 0, 2024-06-22: 1025, 2024-06-21: 1000, 2024-06-18: 1025, 2024-06-17: 1075, 2024-06-16: 0, 2024-06-15: 1050, 2024-06-09: 0, 2024-05-31: 1025, 2023-06-16: 0, 2023-06-15: 1325, 2023-06-13: 1275, 2023-06-12: 1325, 2023-06-11: 1275, 2023-06-09: 1325, 2023-06-06: 1275, 2023-06-03: 1325, 2023-06-02: 1275, 2023-06-01: 1300, 2023-05-29: 1325, 2023-05-28: 1275, 2023-05-27: 1325, 2023-05-26: 1275, 2023-05-24: 1325, 2023-05-23: 1275, 2023-05-21: 1325, 2023-05-19: 1300, 2023-05-17: 1275, 2023-05-15: 1325, 2023-05-14: 1275, 2023-05-13: 1300, 2023-05-12: 1350, 2023-05-11: 1325, 2023-05-09: 1300, 2023-05-07: 1350, 2023-05-05: 1325, 2023-04-04: 0, 2023-03-26: 1350, 2023-03-24: 1325, 2023-03-17: 1400, 2022-06-18: 0, 2022-06-17: 4375, 2022-06-16: 4250, 2022-06-15: 4375, 2022-06-14: 4625, 2022-06-13: 4375, 2022-06-12: 4575, 2022-06-11: 4375, 2022-06-10: 4400, 2022-06-09: 4250, 2022-06-08: 4400, 2022-06-07: 4375, 2022-06-05: 4400, 2022-06-04: 4250, 2022-06-02: 4500, 2022-06-01: 4375, 2022-05-31: 4475, 2022-05-30: 6275, 2022-05-29: 4475, 2022-05-27: 0, 2022-05-26: 4375, 2022-05-25: 6525, 2022-05-24: 4400, 2020-01-14: 0, 2019-12-07: 3167, 2019-12-07: 0, 2019-11-02: 3167, 2019-10-14: 3483, 2019-10-14: 0, 2019-09-08: 3483, 2019-08-27: 3800, 2014-07-08: 2700, 2014-05-07: 2700",N/A,N/A,N/A
RealtyUS,9948297033,4000.0,"Boston, MA",1300.0,nan,4.0,2.0,99999.0,apartment,2.636363636363636,3350.0,"2025-01-23: 4000, 2020-04-22: 2300, 2014-01-01: 1850, 2013-11-27: 1850, 2013-09-13: 1850, 2013-09-05: 1850",N/A,N/A,N/A
RealtyUS,4581443188,3000.0,"Boston, MA",1270.0,nan,3.0,1.0,9999.0,apartment,2.1,3350.0,"2025-03-06: 3000, 2025-02-27: 3000, 2025-02-27: 3000, 2025-02-12: 3100, 2025-02-12: 3100, 2025-02-06: 3200, 2025-02-05: 3200, 2025-01-23: 3300, 2025-01-23: 3300, 2008-12-10: 65000, 2008-10-08: 58999, 2008-07-26: 69900, 2008-07-07: 58999, 2008-06-04: 195000, 2008-03-03: 195000",N/A,N/A,N/A
RealtyUS,3772436631,2875.0,"Boston, MA",794.0,1965.0,2.0,1.0,9999.0,condos,2.1818181818181817,3350.0,"2025-01-23: 2875, 2022-01-25: 405000, 2021-12-08: 399999, 2021-09-30: 282500, 2021-08-11: 294900, 2003-01-14: 176000, 1987-07-23: 82100",N/A,N/A,N/A
RealtyUS,4917131957,4000.0,"Dorchester, MA",1270.0,nan,3.0,2.0,9999.0,apartment,2.5,3350.0,"2007-10-31: 540756, 2007-05-01: 540756, 2007-04-20: 554000, 2007-02-07: 554000, 2004-07-15: 485000, 1999-12-22: 185000",N/A,N/A,N/A
RealtyUS,3244888758,2700.0,"Boston, MA",1400.0,nan,3.0,2.0,9999.0,apartment,2.1818181818181817,3350.0,"2025-01-21: 2700, 2025-01-18: 2700, 2024-12-08: 2700, 2014-09-20: 2200, 2014-09-15: 2300, 2014-08-28: 2300, 2014-08-15: 2150, 2014-07-18: 2350, 2014-07-15: 2400",N/A,N/A,N/A
RealtyUS,4898336806,3500.0,"Boston, MA",1217.0,2009.0,2.0,3.0,1217.0,condos,2.8,3350.0,"2025-01-21: 3500, 2022-05-23: 680000, 2022-04-06: 689000, 2018-05-17: 565000, 2018-04-04: 579000, 2013-08-29: 285000, 2012-03-02: 285000, 2011-09-15: 298000, 2011-07-19: 299000, 2011-04-26: 299000, 2011-03-11: 299000, 2010-12-14: 299000, 2010-10-14: 299000, 2010-06-25: 344000, 2010-03-25: 344000",N/A,N/A,N/A
RealtyUS,9324667870,3800.0,"Boston, MA",1270.0,nan,3.0,2.0,9999.0,apartment,2.2,3350.0,"2025-01-28: 3800, 2025-01-26: 0, 2025-01-20: 3800",N/A,N/A,N/A
RealtyUS,9680760466,3800.0,"Boston, MA",9999.0,nan,4.0,1.0,9999.0,condos,2.2,3350.0,"2025-02-05: 3800, 2025-01-16: 3900, 2023-08-11: 0, 2023-06-27: 3200, 2022-11-04: 517500, 2022-09-09: 539000, 2017-07-06: 439000, 2017-05-16: 399900, 2013-08-29: 242000, 2012-07-11: 249900, 2008-12-23: 225000, 2000-03-29: 133000",N/A,N/A,N/A
RealtyUS,9491033216,2850.0,"Boston, MA",950.0,nan,3.0,1.0,3089.0,apartment,2.4545454545454546,3350.0,"2025-01-28: 2850, 2025-01-15: 3500, 2023-02-15: 2350, 2023-01-24: 0, 2023-01-09: 2350, 2023-01-06: 0, 2022-11-04: 2350, 2020-10-03: 2000, 2020-09-19: 2000, 2020-09-12: 2300, 2020-09-09: 2500",N/A,N/A,N/A
RealtyUS,9574286123,3450.0,"Boston, MA",1491.0,nan,3.0,2.0,1491.0,apartment,2.25,3350.0,"2025-01-15: 3450, 2013-12-28: 2500, 2013-12-19: 2500, 2013-12-13: 400000, 2013-10-20: 389999, 2006-05-10: 390000, 2006-03-29: 399000, 2005-12-12: 419000, 2005-12-01: 419000",N/A,N/A,N/A
RealtyUS,9822944139,4000.0,"Boston, MA",9999.0,nan,4.0,1.0,9999.0,condos,1.7,3350.0,"2025-01-14: 4000, 2023-10-12: 0, 2023-05-04: 4000, 2023-03-17: 0, 2023-03-16: 5730, 2023-03-12: 5550, 2023-03-09: 5700, 2023-03-08: 5575, 2023-03-07: 5550, 2023-03-05: 5625, 2023-03-04: 5700, 2023-03-03: 5625, 2023-03-02: 5700, 2023-03-01: 5650, 2023-02-25: 5700, 2023-02-24: 5900, 2023-02-23: 5950, 2023-02-22: 6125, 2023-02-21: 6150, 2023-02-20: 6050, 2023-02-19: 6125, 2023-02-18: 6075, 2023-02-16: 6275, 2023-02-15: 6200, 2023-02-14: 6150, 2023-02-13: 6325, 2023-02-12: 5625, 2022-12-22: 0, 2022-12-22: 0, 2022-12-21: 5875",N/A,N/A,N/A
RealtyUS,4817953648,4100.0,"Boston, MA",1250.0,1900.0,4.0,2.0,9999.0,apartment,1.7,3350.0,"2025-01-14: 4100, 2024-07-20: 0, 2024-06-20: 0, 2024-06-19: 3800, 2024-06-16: 3900, 2024-06-16: 0, 2024-06-15: 3900, 2024-06-15: 0, 2024-06-14: 0, 2024-06-13: 3900, 2024-06-12: 0, 2024-06-11: 0, 2024-06-11: 0, 2024-06-10: 3900, 2024-06-05: 0, 2024-06-04: 0, 2024-06-04: 3900, 2024-06-03: 3900, 2024-06-03: 0, 2024-05-31: 0, 2024-05-31: 3900, 2024-05-30: 3900, 2024-05-29: 0, 2024-05-29: 3900, 2024-05-22: 0, 2024-05-21: 3950, 2024-05-17: 4000, 2024-05-08: 4100, 2024-05-08: 0, 2024-05-03: 4100, 2024-05-03: 0, 2024-05-01: 0, 2024-04-29: 4100, 2024-04-29: 0, 2024-04-28: 4100, 2024-04-28: 0, 2024-04-25: 0, 2024-04-22: 4100, 2024-04-22: 0, 2024-04-22: 0, 2024-04-21: 0, 2024-04-21: 4100, 2024-04-21: 0, 2024-04-19: 0, 2024-04-19: 4100, 2024-04-16: 4100, 2024-04-16: 0, 2024-04-16: 0, 2024-04-15: 4100, 2024-04-15: 0, 2024-04-15: 0, 2024-04-13: 0, 2024-04-10: 4100, 2024-04-10: 0, 2024-04-10: 0, 2024-04-09: 0, 2024-04-09: 4100, 2024-04-08: 4100, 2024-04-08: 0, 2024-04-07: 0, 2024-04-07: 4100, 2024-04-02: 4100, 2023-05-24: 0, 2023-05-03: 0, 2023-05-03: 3800, 2023-04-28: 0, 2023-04-19: 0, 2023-04-18: 0, 2023-04-17: 3900, 2023-04-17: 0, 2023-04-16: 0, 2023-04-16: 3900, 2023-04-15: 3900, 2023-04-15: 0, 2023-04-14: 0, 2023-04-14: 3900, 2023-04-13: 0, 2023-04-13: 3900, 2023-04-12: 0, 2023-04-12: 0, 2023-04-11: 3900, 2023-04-11: 0, 2023-04-10: 0, 2023-04-10: 3900, 2023-04-08: 0, 2023-04-07: 0, 2023-04-07: 3800, 2023-04-06: 3900, 2023-04-06: 0, 2023-04-05: 0, 2023-04-05: 3900, 2023-04-04: 3900, 2023-04-04: 3900, 2022-04-28: 0, 2022-04-26: 3475, 2014-09-10: 3000, 2014-08-15: 3000, 2014-08-13: 2900, 2014-08-08: 2900, 2014-07-29: 3000",N/A,N/A,N/A
RealtyUS,9561477865,4600.0,"Boston, MA",9999.0,nan,4.0,2.0,9999.0,apartment,1.5,3350.0,"2025-02-01: 4600, 2025-01-10: 4800, 2024-08-15: 3400, 2024-08-08: 3400, 2024-07-29: 3800, 2024-07-16: 4000, 2024-06-24: 4400, 2024-06-04: 4600, 2023-12-21: 4800, 2021-04-22: 0, 2021-04-17: 4100, 2019-04-12: 4000, 2019-03-07: 4000, 2018-07-01: 3800, 2018-06-13: 3800, 2018-06-07: 3800, 2018-06-07: 3800, 2018-06-05: 3800, 2018-06-05: 3800",N/A,N/A,N/A
RealtyUS,9111267132,2624.0,"Boston, MA",1270.0,nan,1.0,1.0,9999.0,apartment,1.4,3350.0,"2025-03-07: 0, 2025-03-01: 2624, 2025-02-28: 0, 2025-02-20: 3073, 2025-02-19: 0, 2025-02-08: 3081, 2025-02-07: 0, 2025-02-04: 2624, 2025-02-01: 2717, 2025-01-30: 2691, 2025-01-29: 2681, 2025-01-29: 0, 2025-01-26: 2719, 2025-01-22: 3103, 2025-01-21: 0, 2025-01-10: 2738, 2025-01-10: 2738, 2025-01-09: 0, 2025-01-04: 3103, 2024-12-27: 0, 2024-12-19: 2738, 2024-12-18: 0, 2024-12-07: 3194, 2024-12-06: 0, 2024-11-27: 2738, 2024-11-26: 0, 2024-11-24: 3172, 2023-09-19: 0, 2023-09-06: 3244, 2023-08-30: 2902, 2023-08-23: 3067, 2023-08-09: 3105, 2022-09-04: 0, 2022-08-21: 2835",N/A,N/A,N/A
RealtyUS,4865435564,3800.0,"Boston, MA",1400.0,nan,4.0,2.0,9999.0,apartment,2.2,3350.0,"2025-02-05: 3800, 2025-01-10: 3900, 2022-05-26: 0, 2022-05-24: 3125, 2022-04-18: 0, 2022-04-16: 3100, 2020-11-29: 0, 2020-11-11: 650, 2020-10-30: 700, 2007-04-01: 1400, 2007-02-02: 1400",N/A,N/A,N/A
RealtyUS,4295177835,4400.0,"Boston, MA",9999.0,nan,4.0,2.0,9999.0,condos,2.2,3350.0,"2025-01-08: 4400, 2021-08-25: 0, 2021-08-20: 3000, 2017-01-13: 2000, 2016-12-04: 2000, 2016-10-31: 2200, 2016-10-15: 2500, 2016-10-14: 2200",N/A,N/A,N/A
RealtyUS,4807350554,3950.0,"Boston, MA",9999.0,nan,3.0,2.0,9999.0,condos,2.2,3350.0,"2025-02-05: 3950, 2025-01-08: 4000, 2024-01-26: 565000, 2023-12-14: 599000, 2023-12-07: 610000, 2015-01-20: 344650, 2014-11-04: 369900, 2014-09-26: 374900, 2014-09-01: 378900, 2014-08-12: 399900, 2014-07-23: 399900",N/A,N/A,N/A
RealtyUS,9403886189,3750.0,"Boston, MA",999.0,nan,3.0,1.0,999.0,apartment,2.2,3350.0,"2025-01-08: 3750, 2024-04-15: 0, 2024-02-12: 3600",N/A,N/A,N/A
RealtyUS,9537026913,3150.0,"Boston, MA",9999.0,nan,3.0,1.0,9999.0,condos,1.7,3350.0,"2025-01-08: 3150, 2023-10-12: 0, 2023-05-04: 3600, 2023-02-10: 0, 2023-02-02: 3625, 2023-01-26: 4325, 2023-01-24: 3975, 2023-01-23: 4000, 2023-01-22: 4050, 2023-01-15: 4025, 2023-01-14: 4050, 2023-01-12: 4025, 2023-01-10: 4650, 2023-01-09: 4675, 2023-01-07: 4650, 2023-01-05: 4725, 2023-01-01: 0, 2022-12-31: 4725, 2022-12-29: 4750, 2022-12-26: 5625, 2022-12-22: 0, 2022-12-22: 0, 2022-12-21: 0, 2022-12-21: 5150, 2022-12-20: 5950, 2022-12-19: 5725, 2022-12-18: 5775, 2022-12-16: 5700, 2022-12-14: 5925, 2022-12-13: 5700, 2022-12-12: 5900, 2022-12-11: 5775, 2022-12-10: 5850, 2022-12-10: 0, 2022-12-09: 5825, 2022-12-09: 6950, 2022-12-07: 5750, 2022-12-07: 7000, 2022-12-06: 5825, 2022-12-06: 6975, 2022-12-05: 5750, 2022-12-04: 5800, 2022-12-03: 5750",N/A,N/A,N/A
RealtyUS,3531877877,3800.0,"Boston, MA",9999.0,nan,4.0,1.0,9999.0,apartment,2.2,3350.0,"2025-02-06: 3800, 2025-01-07: 4000, 2019-02-26: 3200, 2018-04-03: 2800, 2017-12-18: 2800",N/A,N/A,N/A
RealtyUS,4604816393,4200.0,"Boston, MA",1600.0,nan,5.0,2.0,9999.0,apartment,2.363636363636364,3350.0,"2025-01-07: 4200, 2024-08-03: 4950, 2024-07-18: 4950, 2024-07-01: 5330, 2024-06-28: 0, 2024-06-27: 5330, 2022-07-07: 0, 2022-07-07: 0, 2022-07-06: 4850, 2022-04-27: 0, 2022-04-20: 4850, 2022-04-20: 0, 2022-04-19: 0, 2022-04-19: 4850, 2022-04-11: 4850, 2015-04-13: 3200, 2015-03-02: 3800, 2015-02-20: 3800, 2015-02-18: 3800, 2015-02-10: 3800, 2015-02-05: 3800, 2015-01-26: 3800, 2015-01-19: 3800, 2015-01-14: 3800, 2015-01-14: 3000, 2015-01-06: 3200, 2015-01-06: 3000",N/A,N/A,N/A
RealtyUS,9216190857,3100.0,"Boston, MA",1000.0,1905.0,2.0,1.0,2900.0,apartment,1.7,3350.0,"2025-01-07: 3100, 2024-03-30: 2950, 2024-03-21: 2950",N/A,N/A,N/A
RealtyUS,9614743031,3100.0,"Boston, MA",9999.0,nan,3.0,1.0,9999.0,apartment,2.1,3350.0,"2025-02-05: 3100, 2025-01-07: 3200, 2024-12-11: 3000, 2023-08-11: 0, 2023-06-27: 2700, 2021-04-22: 0, 2021-04-17: 2600, 2019-06-03: 0, 2019-05-11: 2600, 2019-05-09: 0, 2019-03-16: 2600, 2016-02-23: 2000, 2016-02-10: 2000",N/A,N/A,N/A
RealtyUS,9139130379,2700.0,"Boston, MA",1200.0,nan,3.0,1.0,99999995.0,apartment,2.4545454545454546,3350.0,"2025-03-03: 2700, 2025-02-15: 2700, 2025-01-07: 2700, 2025-01-06: 2805, 2023-09-08: 2400, 2023-08-30: 0, 2023-08-10: 2400, 2023-08-01: 2500, 2023-07-31: 0, 2023-07-12: 2500, 2023-06-17: 2600, 2023-06-11: 2600, 2021-11-11: 2250, 2021-10-28: 2250, 2021-10-13: 2250, 2021-08-20: 2250, 2021-05-25: 2450",N/A,N/A,N/A
RealtyUS,9112729039,4800.0,"Boston, MA",9999.0,nan,4.0,2.0,9999.0,condos,1.7,3350.0,"2025-02-04: 4800, 2025-01-06: 4900, 2022-06-30: 4200, 2022-05-06: 4200, 2022-04-29: 4200",N/A,N/A,N/A
RealtyUS,9911891895,4600.0,"Boston, MA",9999.0,nan,4.0,2.0,9999.0,condos,1.7,3350.0,"2025-02-04: 4600, 2025-01-06: 4700, 2024-04-02: 0, 2024-01-03: 4900, 2023-09-11: 4800, 2022-09-27: 3900, 2022-08-29: 3900, 2022-05-04: 4200, 2022-04-29: 4100",N/A,N/A,N/A
RealtyUS,4855402159,4000.0,"Boston, MA",9999.0,nan,3.0,2.0,9999.0,condos,1.7,3350.0,"2025-02-04: 4000, 2025-01-06: 4075, 2023-09-02: 3900, 2022-06-30: 3600, 2022-05-06: 3600, 2022-04-29: 3600, 2017-10-27: 1999, 2017-10-16: 2000, 2017-10-16: 1999, 2017-10-15: 2000, 2017-09-29: 2100, 2017-09-22: 2385, 2017-09-17: 2400",N/A,N/A,N/A
RealtyUS,9760812168,3750.0,"Boston, MA",1082.0,nan,3.0,2.0,9999.0,apartment,2.0,3350.0,2025-01-06: 3750,N/A,N/A,N/A
RealtyUS,9300186861,2500.0,"Boston, MA",1150.0,nan,2.0,1.0,9999.0,apartment,2.2,3350.0,"2025-01-05: 2500, 2025-01-01: 2500, 2024-11-01: 2450, 2024-10-14: 2450, 2024-09-06: 2500, 2024-08-21: 2450, 2023-09-22: 2450, 2023-09-07: 2450",N/A,N/A,N/A
RealtyUS,9514227989,2850.0,"Boston, MA",1270.0,1900.0,3.0,1.0,9999.0,apartment,2.2,3350.0,"2025-02-11: 2850, 2025-01-10: 2900, 2025-01-04: 3200, 2023-09-05: 2800, 2023-08-07: 2800, 2023-07-28: 3000, 2023-06-30: 2800, 2023-06-24: 2800, 2023-01-31: 2600, 2022-11-18: 2600, 2022-10-27: 2900, 2022-10-26: 3200, 2022-10-03: 3200, 2022-09-25: 3500, 2022-09-11: 3600, 2022-08-31: 3900",N/A,N/A,N/A
RealtyUS,9420978107,4000.0,"Boston, MA",9999.0,nan,4.0,1.0,9999.0,apartment,1.7,3350.0,"2025-01-03: 4000, 2022-12-22: 0, 2022-12-21: 3375, 2021-04-22: 0, 2021-04-17: 3000",N/A,N/A,N/A
RealtyUS,4379180864,3600.0,"Boston, MA",9999.0,nan,3.0,1.0,9999.0,condos,2.2,3350.0,"2025-02-06: 3600, 2025-01-02: 3800, 2023-04-09: 3600, 2019-02-26: 3000, 2017-05-13: 2700, 2017-02-20: 2700",N/A,N/A,N/A
RealtyUS,4159162678,3600.0,"Boston, MA",9999.0,nan,3.0,1.0,9999.0,condos,2.2,3350.0,"2025-02-06: 3600, 2025-01-02: 3800, 2019-06-03: 0, 2019-05-11: 3000, 2019-05-09: 0, 2019-03-14: 3000, 2019-02-26: 3000, 2016-05-13: 2600, 2016-03-08: 2600",N/A,N/A,N/A
RealtyUS,9030389053,3400.0,"Boston, MA",9999.0,nan,3.0,1.0,9999.0,condos,2.2,3350.0,"2025-02-05: 3400, 2025-01-02: 3500, 2023-06-12: 510000, 2021-04-26: 499000, 2020-04-22: 2400, 2017-10-16: 427500, 2017-08-24: 399000, 2013-08-29: 228500, 2012-06-05: 228500, 2011-12-20: 239000, 2000-04-07: 135000, 2000-03-20: 266300",N/A,N/A,N/A
RealtyUS,9026016073,3100.0,"Boston, MA",9999.0,nan,3.0,1.0,9999.0,apartment,2.0,3350.0,"2025-01-02: 3100, 2023-08-30: 0, 2023-08-28: 2400, 2023-08-27: 0, 2023-08-26: 0, 2023-08-25: 0, 2023-08-24: 0, 2023-08-24: 0, 2023-08-23: 2400",N/A,N/A,N/A
RealtyUS,9977222999,2975.0,"Boston, MA",1000.0,nan,3.0,1.0,9999.0,apartment,2.5454545454545454,3350.0,"2025-02-25: 0, 2025-02-05: 0, 2025-01-25: 2975, 2025-01-23: 2975, 2025-01-22: 0, 2025-01-21: 0, 2025-01-20: 0, 2025-01-12: 2975, 2025-01-02: 2975, 2024-12-03: 2975, 2024-04-17: 2975, 2023-08-15: 0, 2023-07-14: 2900, 2023-07-08: 0, 2023-07-03: 0, 2023-07-02: 2900, 2023-06-21: 2900, 2023-06-06: 2900, 2023-06-06: 0, 2023-03-21: 0, 2022-12-16: 2900, 2022-12-07: 2900, 2022-12-06: 2900, 2022-09-01: 2700, 2020-06-30: 2500, 2020-05-19: 2500, 2020-05-12: 2700, 2020-04-29: 2800",N/A,N/A,N/A
RealtyUS,9188170680,3100.0,"Boston, MA",9999.0,nan,3.0,1.0,9999.0,apartment,2.0,3350.0,"2025-01-03: 3100, 2025-01-02: 2400, 2023-02-09: 0, 2023-02-08: 4350, 2023-02-08: 0, 2023-02-08: 0, 2023-02-07: 0, 2023-02-06: 0, 2023-02-06: 4325, 2023-02-05: 0, 2023-02-04: 4350, 2023-02-04: 0, 2023-02-04: 0, 2023-02-03: 0, 2023-02-03: 4325, 2023-02-03: 0, 2023-02-02: 0, 2023-02-02: 4350, 2023-02-02: 0, 2023-02-01: 4350, 2023-02-01: 0, 2023-02-01: 0, 2023-01-31: 4350, 2023-01-31: 0, 2023-01-31: 0, 2023-01-30: 4350, 2023-01-30: 0, 2023-01-30: 0, 2023-01-29: 4350, 2023-01-29: 0, 2023-01-29: 0, 2023-01-28: 4350, 2023-01-28: 0, 2023-01-27: 4350, 2023-01-27: 0, 2023-01-27: 0, 2023-01-26: 4350, 2023-01-26: 0, 2023-01-26: 0, 2023-01-25: 0, 2023-01-24: 0, 2023-01-24: 4000, 2023-01-24: 0, 2023-01-23: 0, 2023-01-23: 4025, 2023-01-22: 0, 2023-01-22: 3975, 2023-01-21: 0, 2023-01-20: 0, 2023-01-20: 3950, 2023-01-20: 0, 2023-01-19: 0, 2023-01-19: 3950, 2023-01-19: 0, 2023-01-18: 0, 2023-01-18: 3950, 2023-01-17: 0, 2023-01-17: 3950, 2023-01-17: 0, 2023-01-16: 0, 2023-01-16: 3950, 2023-01-16: 0, 2023-01-15: 3950, 2023-01-15: 0, 2023-01-15: 0, 2023-01-14: 3975, 2023-01-14: 0, 2023-01-14: 0, 2023-01-13: 3950, 2023-01-13: 0, 2023-01-12: 0, 2023-01-12: 0, 2023-01-10: 0, 2023-01-09: 0, 2023-01-07: 0, 2023-01-01: 0, 2022-12-31: 4725, 2022-12-30: 0, 2022-12-29: 0, 2022-12-28: 0, 2022-12-27: 0, 2022-12-26: 0, 2022-12-24: 0, 2022-12-23: 4725, 2022-12-23: 0, 2022-12-22: 0, 2022-12-21: 0, 2022-12-20: 4725, 2022-12-19: 0, 2022-12-18: 0, 2022-12-16: 0, 2022-12-12: 0, 2022-12-11: 0, 2022-12-10: 4825, 2022-12-07: 0, 2022-12-04: 0, 2022-12-02: 0, 2022-12-01: 0, 2022-12-01: 0",N/A,N/A,N/A
RealtyUS,9467460724,4200.0,"Boston, MA",1063.0,nan,4.0,1.0,9999.0,condos,1.7,3350.0,"2025-02-04: 4200, 2025-01-24: 4400, 2025-01-02: 3800, 2023-04-27: 0, 2023-04-06: 3900, 2023-03-28: 3300, 2023-03-08: 4050, 2023-03-05: 4050, 2022-08-03: 625000, 2022-07-27: 0, 2022-07-02: 0, 2022-06-26: 625000, 2022-06-20: 3300, 2022-06-18: 3400, 2022-06-14: 645000, 2022-05-10: 565000, 2022-03-23: 549000, 2010-07-15: 289000, 2010-05-12: 289000, 2009-03-29: 1650, 2008-12-28: 1650, 2008-01-01: 309000, 2007-06-11: 309000, 2004-05-25: 259000, 2002-05-02: 212000",N/A,N/A,N/A
RealtyUS,4439804575,4300.0,"Boston, MA",9999.0,nan,4.0,2.0,9999.0,condos,1.8,3350.0,"2025-02-05: 4300, 2025-01-02: 4400, 2023-07-22: 0, 2023-06-21: 4200, 2023-03-05: 4800, 2021-04-22: 0, 2021-04-17: 3800, 2017-12-20: 435000, 2017-10-20: 455900, 2017-10-09: 455900, 2017-09-05: 455900, 2013-08-29: 240000, 2013-07-03: 275500, 2013-04-25: 279900, 2013-03-21: 289900, 2013-03-20: 289000, 2012-05-04: 245000, 1999-09-27: 115000",N/A,N/A,N/A
RealtyUS,9272958808,4000.0,"Boston, MA",9999.0,nan,4.0,1.0,9999.0,condos,1.5,3350.0,"2025-02-05: 4000, 2025-01-29: 4000, 2025-01-02: 4000",N/A,N/A,N/A
RealtyUS,3857758304,3300.0,"Boston, MA",9999.0,nan,3.0,1.0,9999.0,condos,2.1,3350.0,"2025-01-02: 3300, 2014-11-10: 2100, 2014-10-30: 2100, 2014-10-16: 2200",N/A,N/A,N/A
RealtyUS,9873513205,3750.0,"Boston, MA",999.0,nan,3.0,1.0,999.0,apartment,2.2,3350.0,"2025-01-02: 3750, 2023-12-10: 0, 2023-12-05: 3000, 2023-11-15: 0, 2023-11-02: 3600",N/A,N/A,N/A
RealtyUS,9146858341,1300.0,"Boston, MA",1270.0,nan,4.0,2.0,9999.0,single_family,1.7,3350.0,"2025-01-18: 1300, 2025-01-15: 1325, 2025-01-02: 1300, 2025-01-01: 1325, 2024-10-15: 0, 2024-10-04: 1200, 2024-10-03: 1250, 2024-09-30: 1325, 2024-09-29: 1350, 2024-09-26: 1250, 2024-09-25: 1275, 2024-09-24: 1225, 2024-09-23: 0, 2024-09-22: 1250, 2024-09-21: 1275, 2024-09-19: 1250, 2024-09-17: 1225, 2024-09-16: 1250, 2024-09-04: 1275, 2024-09-03: 1300, 2024-09-01: 1325, 2024-08-30: 1350, 2024-08-29: 1325, 2024-08-24: 1250, 2024-08-23: 1375, 2024-08-15: 1400, 2024-08-14: 1525, 2024-08-10: 1550, 2024-08-08: 1600, 2024-07-16: 1625, 2024-07-11: 1675, 2024-07-10: 1625, 2024-07-04: 1550, 2024-06-21: 1525, 2024-06-16: 1575, 2024-06-15: 1525, 2024-06-12: 1500, 2024-06-09: 1375, 2024-06-08: 0, 2024-05-29: 1400, 2024-05-09: 1450, 2024-04-27: 0, 2024-04-25: 1275, 2024-04-22: 1400, 2024-04-18: 1425, 2024-04-17: 1400, 2024-04-14: 1450, 2024-04-12: 1475, 2024-04-07: 1500, 2024-04-02: 1525, 2024-03-30: 1500, 2024-03-15: 1425, 2024-02-25: 1450, 2024-02-24: 1400, 2024-02-09: 1375, 2024-01-30: 1400, 2024-01-14: 1375, 2024-01-03: 1350, 2023-08-18: 0, 2023-08-15: 1300, 2023-08-10: 1325, 2023-08-09: 1375, 2023-08-06: 1525, 2023-08-03: 1600, 2023-08-01: 1625, 2023-07-28: 1600, 2023-07-27: 1575, 2023-07-26: 1550, 2023-07-25: 1575, 2023-07-24: 1550, 2023-07-22: 1575, 2023-07-20: 1550, 2023-07-19: 1575, 2023-07-18: 1550, 2023-07-17: 1625, 2023-07-16: 1400, 2023-07-15: 1425, 2023-07-13: 1525, 2023-07-08: 1550, 2023-07-07: 1750, 2023-07-02: 1775, 2023-07-01: 1750, 2023-06-30: 1650, 2023-06-28: 1550, 2023-06-24: 1575, 2023-06-23: 1775, 2023-06-22: 1750, 2023-06-21: 1775, 2023-06-19: 1750, 2023-06-18: 1775, 2023-06-17: 1750, 2023-06-16: 1875, 2023-06-15: 1850, 2023-06-14: 1875, 2023-06-13: 1825, 2023-06-10: 1875, 2023-06-09: 1775, 2023-06-07: 0, 2023-06-06: 1650, 2023-06-05: 1625, 2023-06-02: 1650, 2023-06-01: 1700, 2023-05-30: 1725, 2023-05-29: 1675, 2023-05-26: 1700, 2023-05-23: 1750, 2023-05-22: 1775, 2023-05-20: 1875, 2023-05-19: 1825, 2023-05-18: 1875, 2023-05-17: 1825, 2023-05-16: 1875, 2023-05-15: 1850, 2023-05-14: 1875, 2023-05-13: 1825, 2023-05-12: 1925, 2023-05-11: 1875, 2023-05-10: 1925, 2023-05-08: 1875, 2023-05-06: 1925, 2023-05-05: 1875, 2023-05-04: 1900, 2023-05-01: 1950, 2023-04-30: 1900, 2023-04-28: 1925, 2023-04-04: 0, 2023-03-24: 1250, 2023-03-16: 1200, 2023-03-15: 0, 2023-03-01: 1200",N/A,N/A,N/A
RealtyUS,9379395038,3200.0,"Boston, MA",9999.0,nan,2.0,1.0,9999.0,condos,1.7,3350.0,"2025-02-05: 3200, 2024-12-31: 3400",N/A,N/A,N/A
RealtyUS,4049960627,4150.0,"Boston, MA",9999.0,nan,3.0,1.0,9999.0,condos,1.7,3350.0,"2025-02-05: 4150, 2024-12-31: 4200, 2018-05-12: 2750, 2018-05-01: 2750, 2015-04-24: 2500, 2015-04-15: 2500, 2015-02-04: 2400, 2014-12-21: 2400",N/A,N/A,N/A
RealtyUS,9225593350,4150.0,"Boston, MA",9999.0,nan,3.0,1.0,9999.0,condos,1.7,3350.0,"2025-02-05: 4150, 2024-12-31: 4200, 2023-04-06: 4200, 2022-04-16: 0, 2022-03-28: 2900, 2020-09-21: 2850, 2020-07-25: 0, 2020-07-18: 2850, 2020-06-19: 2850, 2020-05-21: 2900, 2020-05-13: 3100, 2018-09-11: 2750, 2018-08-07: 2750, 2018-06-19: 2750, 2018-05-01: 2750, 2015-05-01: 2500, 2015-04-23: 2500, 2015-02-04: 2400, 2014-12-21: 2400",N/A,N/A,N/A
RealtyUS,3883568194,4000.0,"Boston, MA",9999.0,nan,4.0,2.0,9999.0,condos,2.0,3350.0,"2025-02-05: 4000, 2024-12-31: 4200, 2022-08-04: 0, 2022-08-04: 0, 2022-07-25: 3200, 2022-07-20: 3200, 2022-07-20: 0, 2022-07-12: 3300, 2022-07-01: 0, 2022-06-29: 3300, 2022-06-29: 0, 2022-06-28: 3300, 2022-06-26: 0, 2022-06-26: 3350, 2022-06-18: 3350, 2015-05-15: 2300, 2015-03-13: 2300, 2015-03-02: 2300, 2014-12-19: 2300",N/A,N/A,N/A
RealtyUS,9094514488,4000.0,"Boston, MA",9999.0,nan,4.0,2.0,9999.0,condos,2.0,3350.0,"2025-02-05: 4000, 2024-12-31: 4200, 2024-01-15: 0, 2023-12-29: 4000, 2023-07-29: 0, 2023-07-26: 3300, 2022-07-25: 0, 2022-07-20: 3200, 2022-07-20: 0, 2022-06-29: 3300, 2022-06-29: 0, 2022-06-28: 3300, 2022-06-26: 0, 2022-06-26: 3350, 2022-06-18: 3350, 2021-08-10: 0, 2021-08-06: 2995",N/A,N/A,N/A
Zillow,74314662,550000.0,"633 Daniel Webster Highway, Merrimack, NH 03054",1117.0,nan,4.0,2.0,1.5,SINGLE_FAMILY,2.1818181818181817,3350.0,"1427785200: 242198, 1430377200: 252745, 1433055600: 246565, 1435647600: 248674, 1438326000: 253352, 1441004400: 255668, 1443596400: 251165, 1446274800: 265631, 1448870400: 252738, 1451548800: 255837, 1454227200: 254996, 1456732800: 254810, 1459407600: 251796, 1461999600: 238847, 1464678000: 254723, 1467270000: 252728, 1469948400: 259595, 1472626800: 256884, 1475218800: 255371, 1477897200: 252469, 1480492800: 257615, 1483171200: 253465, 1485849600: 269135, 1488268800: 272006, 1490943600: 266817, 1493535600: 268272, 1496214000: 269189, 1498806000: 272513, 1501484400: 272017, 1504162800: 269283, 1506754800: 274722, 1509433200: 276757, 1512028800: 273286, 1514707200: 270967, 1517385600: 268531, 1519804800: 259654, 1522479600: 268890, 1525071600: 269923, 1527750000: 269978, 1530342000: 284184, 1533020400: 290283, 1535698800: 295253, 1538290800: 296543, 1540969200: 297279, 1543564800: 293177, 1546243200: 286864, 1548921600: 292292, 1551340800: 294133, 1554015600: 298095, 1556607600: 300876, 1559286000: 304138, 1561878000: 307806, 1564556400: 305388, 1567234800: 307822, 1569826800: 308626, 1572505200: 309172, 1575100800: 310828, 1577779200: 314247, 1580457600: 315544, 1582963200: 315105, 1585638000: 314431, 1588230000: 315607, 1590908400: 311265, 1593500400: 304720, 1596178800: 302896, 1598857200: 309888, 1601449200: 317373, 1604127600: 327594, 1606723200: 331343, 1609401600: 348926, 1738310400: 540400, 1740729600: 543400, 1741420800: 563100",46.0,N/A,33.0
Zillow,124632036,675000.0,"3 West Road, Merrimack, NH 03054",2184.0,nan,3.0,3.0,6.4,SINGLE_FAMILY,2.1818181818181817,3445.0,"1427785200: 362344, 1430377200: 370552, 1433055600: 380186, 1435647600: 365478, 1438326000: 365891, 1441004400: 363289, 1443596400: 354242, 1446274800: 355860, 1448870400: 351804, 1451548800: 359891, 1454227200: 354304, 1456732800: 364138, 1459407600: 356277, 1461999600: 362352, 1464678000: 360767, 1467270000: 367331, 1469948400: 370490, 1472626800: 374446, 1475218800: 387996, 1477897200: 371794, 1480492800: 369450, 1483171200: 370052, 1485849600: 378570, 1488268800: 381103, 1490943600: 397376, 1493535600: 405533, 1496214000: 409877, 1498806000: 412171, 1501484400: 412458, 1504162800: 401496, 1506754800: 407787, 1509433200: 429126, 1512028800: 429704, 1514707200: 424795, 1517385600: 422318, 1519804800: 431217, 1522479600: 424454, 1525071600: 412018, 1527750000: 427619, 1530342000: 432554, 1533020400: 429166, 1535698800: 438182, 1538290800: 437902, 1540969200: 434800, 1543564800: 433099, 1546243200: 438045, 1548921600: 438187, 1551340800: 436638, 1554015600: 428619, 1556607600: 428508, 1559286000: 432634, 1561878000: 422773, 1564556400: 428521, 1567234800: 430358, 1569826800: 433247, 1572505200: 433970, 1575100800: 439895, 1577779200: 436766, 1580457600: 440588, 1582963200: 445514, 1585638000: 450978, 1588230000: 454063, 1590908400: 450331, 1593500400: 450501, 1596178800: 453987, 1598857200: 450356, 1601449200: 459315, 1604127600: 460829, 1606723200: 464037, 1609401600: 480564, 1612080000: 485430, 1614499200: 486181, 1617174000: 492978, 1619766000: 524146, 1622444400: 529590, 1625036400: 530700, 1627714800: 531500, 1630393200: 561300, 1632985200: 563500, 1635663600: 573100, 1638259200: 581000, 1640937600: 589000, 1643616000: 601400, 1646035200: 610000, 1648710000: 606000, 1651302000: 625400, 1653980400: 629300, 1656572400: 635700, 1659250800: 631300, 1661929200: 633100, 1664521200: 639500, 1667199600: 642900, 1669795200: 649000, 1672473600: 654500, 1675152000: 644000, 1677571200: 627300, 1680246000: 620000, 1682838000: 630100, 1685516400: 640400, 1688108400: 642500, 1690786800: 636000, 1693465200: 640900, 1696057200: 643800, 1698735600: 648400, 1701331200: 641900, 1704009600: 650500, 1706688000: 651400, 1709193600: 679500, 1711868400: 685000, 1714460400: 692700, 1717138800: 692200, 1719730800: 695000, 1722409200: 691500, 1725087600: 695600, 1727679600: 695000, 1730358000: 691600, 1732953600: 702800, 1735632000: 711900, 1738310400: 707000, 1740729600: 704500, 1741420800: 677600",2.0,N/A,21.0
Zillow,74316167,475000.0,"8 Bean Road, Merrimack, NH 03054",1621.0,nan,3.0,2.0,0.92,SINGLE_FAMILY,2.1818181818181817,2623.0,"1427785200: 245720, 1430377200: 253631, 1433055600: 259470, 1435647600: 259717, 1438326000: 261190, 1441004400: 258196, 1443596400: 255661, 1446274800: 256714, 1448870400: 252794, 1451548800: 250621, 1454227200: 248210, 1456732800: 253684, 1459407600: 257868, 1461999600: 251093, 1464678000: 252784, 1467270000: 250658, 1469948400: 250061, 1472626800: 258069, 1475218800: 260963, 1477897200: 259116, 1480492800: 254271, 1483171200: 255253, 1485849600: 258366, 1488268800: 258263, 1490943600: 270421, 1493535600: 273713, 1496214000: 275269, 1498806000: 278586, 1501484400: 281414, 1504162800: 283121, 1506754800: 288018, 1509433200: 285344, 1512028800: 281836, 1514707200: 285967, 1517385600: 284548, 1519804800: 283094, 1522479600: 286463, 1525071600: 290040, 1527750000: 292578, 1530342000: 294752, 1533020400: 296244, 1535698800: 297097, 1538290800: 296711, 1540969200: 296929, 1543564800: 295635, 1546243200: 299552, 1548921600: 300321, 1551340800: 301267, 1554015600: 300723, 1556607600: 300645, 1559286000: 305188, 1561878000: 307138, 1564556400: 307835, 1567234800: 306885, 1569826800: 307108, 1572505200: 310635, 1575100800: 311071, 1577779200: 312301, 1580457600: 314456, 1582963200: 321236, 1585638000: 325165, 1588230000: 330393, 1590908400: 325051, 1593500400: 330532, 1596178800: 333246, 1598857200: 332379, 1601449200: 342107, 1604127600: 340856, 1606723200: 349204, 1609401600: 357572, 1612080000: 360978, 1614499200: 367181, 1617174000: 370109, 1619766000: 386627, 1622444400: 391067, 1625036400: 409500, 1627714800: 411100, 1630393200: 409600, 1632985200: 405900, 1635663600: 411700, 1638259200: 411100, 1640937600: 412400, 1643616000: 423300, 1646035200: 428400, 1648710000: 443900, 1651302000: 454300, 1653980400: 457700, 1656572400: 456300, 1659250800: 451900, 1661929200: 445000, 1664521200: 443400, 1667199600: 446400, 1669795200: 444900, 1672473600: 437500, 1675152000: 432400, 1677571200: 437900, 1680246000: 450100, 1682838000: 460500, 1685516400: 473300, 1688108400: 484100, 1690786800: 482900, 1693465200: 486300, 1696057200: 487300, 1698735600: 484900, 1701331200: 467200, 1704009600: 478200, 1706688000: 476600, 1709193600: 496200, 1711868400: 502800, 1714460400: 509000, 1717138800: 513700, 1719730800: 516300, 1722409200: 516500, 1725087600: 513800, 1727679600: 511500, 1730358000: 506200, 1732953600: 512100, 1735632000: 506500, 1738310400: 503500, 1740729600: 516200, 1741420800: 483200",4.0,N/A,22.0
Zillow,74302221,400000.0,"48 Meetinghouse Road, Merrimack, NH 03054",1879.0,nan,3.0,2.0,0.4,SINGLE_FAMILY,2.1818181818181817,3350.0,,N/A,N/A,N/A
Zillow,92860303,2400000.0,"15 Wasserman Heights, Merrimack, NH 03054",6462.0,nan,4.0,6.0,6.55,SINGLE_FAMILY,2.1818181818181817,3350.0,,N/A,N/A,N/A
Zillow,74300320,689900.0,"19 Scotchpine Ln, Merrimack, NH 03054",2494.0,nan,4.0,3.0,0.25,SINGLE_FAMILY,2.1818181818181817,3350.0,,N/A,N/A,N/A
